"sub";"post";"social_time";"social_type";"post_type";"test_time";"accuracy"
"1";"1";1,084;2;2;-1,28678486653359;"1"
"1";"2";1,084;2;1;-0,282749737915854;"0"
"1";"3";1,084;2;2;-1,22682563033317;"0"
"1";"4";1,084;2;1;0,240321681384637;"1"
"1";"5";1,084;2;2;0,130535267418102;"0"
"1";"6";1,084;2;1;-0,557563880731703;"1"
"1";"7";1,084;2;2;-0,207246133002938;"0"
"1";"8";1,084;2;1;-0,98943773924296;"0"
"1";"9";1,084;2;2;-0,336196093942915;"1"
"1";"10";1,084;2;1;0,0723053301392795;"0"
"1";"11";1,084;2;2;0,232345377392018;"1"
"1";"12";1,084;2;1;-1,02045229058638;"1"
"1";"13";1,084;2;2;-0,627278003267063;"0"
"1";"14";1,084;2;1;0,885346584610958;"1"
"1";"15";1,084;2;2;-0,336442330265243;"0"
"1";"16";1,084;2;1;-1,21522586618758;"0"
"1";"17";1,084;2;2;-0,716123322950718;"0"
"1";"18";1,084;2;1;-0,770107701329099;"1"
"1";"19";1,084;2;2;-0,681652470723382;"1"
"1";"20";1,084;2;1;-0,0879436512851082;"0"
"2";"1";1,784;1;2;0,0397375717644058;"1"
"2";"2";1,784;1;1;-0,538167735940827;"0"
"2";"3";1,784;1;2;0,851404798562107;"1"
"2";"4";1,784;1;1;-0,246541035837013;"0"
"2";"5";1,784;1;2;0,383362505776382;"1"
"2";"6";1,784;1;1;-0,543637292697703;"1"
"2";"7";1,784;1;2;0,222845212153684;"1"
"2";"8";1,784;1;1;-0,571034354588194;"1"
"2";"9";1,784;1;2;0,594272758636547;"1"
"2";"10";1,784;1;1;0,195951507235602;"1"
"2";"11";1,784;1;2;1,41522071675481;"1"
"2";"12";1,784;1;1;0,907359540421685;"0"
"2";"13";1,784;1;2;-0,716560099916821;"1"
"2";"14";1,784;1;1;-0,565496472587447;"0"
"2";"15";1,784;1;2;-0,234122336393408;"1"
"2";"16";1,784;1;1;-1,65401975338453;"0"
"2";"17";1,784;1;2;-0,256903495059263;"0"
"2";"18";1,784;1;1;0,1176878380253;"0"
"2";"19";1,784;1;2;0,305198397785795;"1"
"2";"20";1,784;1;1;-0,374933195166847;"0"
"3";"1";-2,016;2;2;-0,528994855512248;"1"
"3";"2";-2,016;2;1;0,0472039041084052;"1"
"3";"3";-2,016;2;2;-0,0654366692388739;"1"
"3";"4";-2,016;2;1;0,598028219416197;"0"
"3";"5";-2,016;2;2;0,377503502413642;"1"
"3";"6";-2,016;2;1;-0,987383724745621;"1"
"3";"7";-2,016;2;2;0,693805707631234;"1"
"3";"8";-2,016;2;1;0,147301252782766;"0"
"3";"9";-2,016;2;2;-0,417167028178643;"0"
"3";"10";-2,016;2;1;-0,700455182728505;"1"
"3";"11";-2,016;2;2;-0,321343067109;"0"
"3";"12";-2,016;2;1;0,349005236483124;"1"
"3";"13";-2,016;2;2;-0,209616996134938;"1"
"3";"14";-2,016;2;1;-0,0513401872743211;"1"
"3";"15";-2,016;2;2;0,239484857952729;"1"
"3";"16";-2,016;2;1;-0,810263196107892;"1"
"3";"17";-2,016;2;2;-0,032637871475239;"0"
"3";"18";-2,016;2;1;-1,60643617542372;"0"
"3";"19";-2,016;2;2;-0,857203019387208;"0"
"3";"20";-2,016;2;1;0,0688971586406327;"0"
"4";"1";-0,016;1;2;-0,732523755658743;"0"
"4";"2";-0,016;1;1;-0,0165880408003659;"1"
"4";"3";-0,016;1;2;-0,665559923430912;"0"
"4";"4";-0,016;1;1;-0,00292407548709104;"0"
"4";"5";-0,016;1;2;0,0254360125391929;"0"
"4";"6";-0,016;1;1;0,751286342201835;"1"
"4";"7";-0,016;1;2;0,236069321468594;"1"
"4";"8";-0,016;1;1;0,157749302140223;"1"
"4";"9";-0,016;1;2;0,393605354387389;"0"
"4";"10";-0,016;1;1;-0,342957019255654;"1"
"4";"11";-0,016;1;2;-0,587207116338225;"0"
"4";"12";-0,016;1;1;-0,135856249976199;"0"
"4";"13";-0,016;1;2;-1,57035390662041;"0"
"4";"14";-0,016;1;1;-1,29711800725931;"0"
"4";"15";-0,016;1;2;-0,0696312438626941;"1"
"4";"16";-0,016;1;1;-1,39044788683654;"0"
"4";"17";-0,016;1;2;-0,0195627212453215;"0"
"4";"18";-0,016;1;1;-0,95729247916559;"0"
"4";"19";-0,016;1;2;-0,214686203297998;"1"
"4";"20";-0,016;1;1;0,156356236306185;"1"
"5";"1";-1,316;2;2;-0,689818898486427;"0"
"5";"2";-1,316;2;1;0,426846040290168;"1"
"5";"3";-1,316;2;2;-1,23029168628292;"0"
"5";"4";-1,316;2;1;-0,11646574218417;"0"
"5";"5";-1,316;2;2;-0,579433776468397;"0"
"5";"6";-1,316;2;1;-0,726175461683062;"1"
"5";"7";-1,316;2;2;-0,531452191969008;"0"
"5";"8";-1,316;2;1;-0,665465910218991;"0"
"5";"9";-1,316;2;2;0,550317972188511;"1"
"5";"10";-1,316;2;1;0,201409586037906;"0"
"5";"11";-1,316;2;2;-1,2846175106803;"1"
"5";"12";-1,316;2;1;-0,713700010510606;"1"
"5";"13";-1,316;2;2;-0,554800225411475;"0"
"5";"14";-1,316;2;1;-0,422461584682605;"1"
"5";"15";-1,316;2;2;0,148819887574971;"0"
"5";"16";-1,316;2;1;-0,0529061902387117;"0"
"5";"17";-1,316;2;2;-0,418428912102503;"1"
"5";"18";-1,316;2;1;-1,07872019378094;"0"
"5";"19";-1,316;2;2;-0,129978538203696;"0"
"5";"20";-1,316;2;1;0,973303407439879;"1"
"6";"1";1,784;1;2;0,52317382304843;"1"
"6";"2";1,784;1;1;-1,37113601605903;"0"
"6";"3";1,784;1;2;-0,00335081002369944;"1"
"6";"4";1,784;1;1;0,687816127235018;"1"
"6";"5";1,784;1;2;0,353667069222012;"1"
"6";"6";1,784;1;1;0,415845478364739;"1"
"6";"7";1,784;1;2;0,141211018196175;"0"
"6";"8";1,784;1;1;0,170164647937247;"1"
"6";"9";1,784;1;2;0,395407867924615;"0"
"6";"10";1,784;1;1;-0,651402963503669;"0"
"6";"11";1,784;1;2;-0,215447920284573;"1"
"6";"12";1,784;1;1;-0,306166643773021;"1"
"6";"13";1,784;1;2;-0,0451944989311776;"0"
"6";"14";1,784;1;1;0,621672027499387;"1"
"6";"15";1,784;1;2;0,10209036434286;"1"
"6";"16";1,784;1;1;0,655613576427845;"1"
"6";"17";1,784;1;2;-0,292732196253752;"0"
"6";"18";1,784;1;1;0,00171503615560627;"0"
"6";"19";1,784;1;2;-0,344356334963375;"0"
"6";"20";1,784;1;1;-0,350773000061184;"1"
"7";"1";1,884;2;2;-0,615385441256059;"1"
"7";"2";1,884;2;1;0,166036348425521;"0"
"7";"3";1,884;2;2;0,353900027536146;"0"
"7";"4";1,884;2;1;0,730014700554168;"0"
"7";"5";1,884;2;2;0,569908389756404;"1"
"7";"6";1,884;2;1;-0,510312590442695;"0"
"7";"7";1,884;2;2;0,57521885492454;"0"
"7";"8";1,884;2;1;0,0162031655974168;"1"
"7";"9";1,884;2;2;0,0423478467216244;"0"
"7";"10";1,884;2;1;0,100414522687453;"0"
"7";"11";1,884;2;2;1,09094013184572;"1"
"7";"12";1,884;2;1;0,13605563922566;"0"
"7";"13";1,884;2;2;0,352821479237563;"1"
"7";"14";1,884;2;1;1,13625616811968;"1"
"7";"15";1,884;2;2;0,330658010049788;"1"
"7";"16";1,884;2;1;0,430108385805909;"0"
"7";"17";1,884;2;2;-0,393619041138377;"1"
"7";"18";1,884;2;1;-1,05296272297463;"0"
"7";"19";1,884;2;2;0,207290883079136;"0"
"7";"20";1,884;2;1;0,590151485018024;"1"
"8";"1";-0,516;1;2;-0,325316226202774;"1"
"8";"2";-0,516;1;1;-0,917621195515813;"1"
"8";"3";-0,516;1;2;-0,599732667791773;"1"
"8";"4";-0,516;1;1;-1,01219451257912;"1"
"8";"5";-0,516;1;2;-0,336160841165292;"0"
"8";"6";-0,516;1;1;-1,05790127101277;"1"
"8";"7";-0,516;1;2;-0,180815886635302;"0"
"8";"8";-0,516;1;1;0,112353072900334;"0"
"8";"9";-0,516;1;2;-1,11042135072557;"0"
"8";"10";-0,516;1;1;-1,15756162114397;"0"
"8";"11";-0,516;1;2;-1,49757255895887;"0"
"8";"12";-0,516;1;1;-1,13746685013001;"0"
"8";"13";-0,516;1;2;-0,726122768849457;"0"
"8";"14";-0,516;1;1;-0,812750165586228;"1"
"8";"15";-0,516;1;2;-0,899728452055204;"1"
"8";"16";-0,516;1;1;-0,361448716640785;"1"
"8";"17";-0,516;1;2;-0,692287037392452;"0"
"8";"18";-0,516;1;1;-0,889355094013713;"0"
"8";"19";-0,516;1;2;-1,16796928077797;"0"
"8";"20";-0,516;1;1;-0,613071828894422;"0"
"9";"1";-2,616;2;2;-0,660029334282682;"1"
"9";"2";-2,616;2;1;-0,653279931679597;"0"
"9";"3";-2,616;2;2;0,149840392487579;"0"
"9";"4";-2,616;2;1;0,486370936260629;"0"
"9";"5";-2,616;2;2;0,104340283488252;"1"
"9";"6";-2,616;2;1;0,309978301855379;"0"
"9";"7";-2,616;2;2;0,127012861583551;"0"
"9";"8";-2,616;2;1;-0,289100353378777;"0"
"9";"9";-2,616;2;2;1,27395587129384;"1"
"9";"10";-2,616;2;1;1,06083514319694;"1"
"9";"11";-2,616;2;2;0,138884465897555;"0"
"9";"12";-2,616;2;1;0,506649295898393;"1"
"9";"13";-2,616;2;2;0,248316768684362;"0"
"9";"14";-2,616;2;1;0,197909284666346;"0"
"9";"15";-2,616;2;2;0,23565981926474;"0"
"9";"16";-2,616;2;1;-0,228527082728241;"1"
"9";"17";-2,616;2;2;0,582325721529524;"0"
"9";"18";-2,616;2;1;-1,17785555205745;"0"
"9";"19";-2,616;2;2;0,806515228650831;"1"
"9";"20";-2,616;2;1;-0,539126397375297;"0"
"10";"1";-0,116;1;2;-0,936457478501955;"0"
"10";"2";-0,116;1;1;-1,74975985603015;"0"
"10";"3";-0,116;1;2;0,0392453779117436;"1"
"10";"4";-0,116;1;1;0,340708810208775;"0"
"10";"5";-0,116;1;2;0,161616934458683;"0"
"10";"6";-0,116;1;1;-1,290453575523;"1"
"10";"7";-0,116;1;2;-0,476508216573359;"1"
"10";"8";-0,116;1;1;-1,35057155582715;"0"
"10";"9";-0,116;1;2;-0,469980697388255;"1"
"10";"10";-0,116;1;1;-2,08154363906665;"0"
"10";"11";-0,116;1;2;-0,00628797935195483;"1"
"10";"12";-0,116;1;1;-1,44009770055783;"0"
"10";"13";-0,116;1;2;-0,579368215832594;"1"
"10";"14";-0,116;1;1;-0,76859934311369;"0"
"10";"15";-0,116;1;2;0,0730159145768098;"1"
"10";"16";-0,116;1;1;-0,273766309031853;"0"
"10";"17";-0,116;1;2;-0,647211635292174;"0"
"10";"18";-0,116;1;1;-1,23556868282437;"0"
"10";"19";-0,116;1;2;-0,630048153346375;"1"
"10";"20";-0,116;1;1;-1,89802748637757;"0"
"11";"1";2,084;2;2;0,711032550336096;"1"
"11";"2";2,084;2;1;0,826837095128699;"1"
"11";"3";2,084;2;2;1,42747065527307;"1"
"11";"4";2,084;2;1;0,925139367001425;"0"
"11";"5";2,084;2;2;1,0493537276282;"1"
"11";"6";2,084;2;1;-0,304601963479439;"1"
"11";"7";2,084;2;2;1,51523255792363;"1"
"11";"8";2,084;2;1;1,15106654801911;"1"
"11";"9";2,084;2;2;1,3654684505813;"0"
"11";"10";2,084;2;1;0,651666606220535;"1"
"11";"11";2,084;2;2;0,328626390802296;"1"
"11";"12";2,084;2;1;0,178967820339835;"0"
"11";"13";2,084;2;2;1,30910329673775;"1"
"11";"14";2,084;2;1;1,83198395011943;"1"
"11";"15";2,084;2;2;0,954446642996686;"1"
"11";"16";2,084;2;1;0,354463612582421;"1"
"11";"17";2,084;2;2;0,935282976952527;"1"
"11";"18";2,084;2;1;0,230228608800252;"0"
"11";"19";2,084;2;2;0,808830445179665;"1"
"11";"20";2,084;2;1;0,193355745502442;"1"
"12";"1";-0,316;1;2;0,118560853871333;"1"
"12";"2";-0,316;1;1;-0,941509277905651;"1"
"12";"3";-0,316;1;2;0,757536377838238;"0"
"12";"4";-0,316;1;1;-0,660423411856834;"1"
"12";"5";-0,316;1;2;0,0169450087009167;"0"
"12";"6";-0,316;1;1;-0,287187862219806;"1"
"12";"7";-0,316;1;2;-1,46854911032053;"0"
"12";"8";-0,316;1;1;-2,1103916468042;"0"
"12";"9";-0,316;1;2;-0,570370372632306;"0"
"12";"10";-0,316;1;1;-0,753072835284786;"0"
"12";"11";-0,316;1;2;-0,476746787361967;"1"
"12";"12";-0,316;1;1;-1,47350293238159;"0"
"12";"13";-0,316;1;2;-1,00532508449341;"0"
"12";"14";-0,316;1;1;-0,461760265009144;"0"
"12";"15";-0,316;1;2;-0,632016536266602;"0"
"12";"16";-0,316;1;1;-0,508841753087616;"0"
"12";"17";-0,316;1;2;-0,618786926874669;"0"
"12";"18";-0,316;1;1;-0,425480638874662;"1"
"12";"19";-0,316;1;2;-1,06803046399316;"0"
"12";"20";-0,316;1;1;-0,273508822697309;"1"
"13";"1";0,384;2;2;-0,0742278174248373;"0"
"13";"2";0,384;2;1;-0,247226649575983;"0"
"13";"3";0,384;2;2;-0,619809261766643;"1"
"13";"4";0,384;2;1;0,00238670329936243;"1"
"13";"5";0,384;2;2;-0,838939315751341;"0"
"13";"6";0,384;2;1;-0,892517060437122;"0"
"13";"7";0,384;2;2;0,542804694688162;"0"
"13";"8";0,384;2;1;0,125601268722294;"1"
"13";"9";0,384;2;2;0,0877474294788393;"1"
"13";"10";0,384;2;1;-0,494506516261598;"1"
"13";"11";0,384;2;2;-0,706261089506943;"0"
"13";"12";0,384;2;1;-0,069375632277483;"0"
"13";"13";0,384;2;2;0,531184688498091;"1"
"13";"14";0,384;2;1;0,199422936012332;"1"
"13";"15";0,384;2;2;0,154997230013041;"0"
"13";"16";0,384;2;1;-1,19374648236354;"0"
"13";"17";0,384;2;2;0,0924048680945527;"0"
"13";"18";0,384;2;1;-0,383694633539653;"0"
"13";"19";0,384;2;2;-0,120967325209361;"1"
"13";"20";0,384;2;1;-0,481162893150145;"0"
"14";"1";-1,116;1;2;-1,00032777964694;"0"
"14";"2";-1,116;1;1;-0,328749377683986;"1"
"14";"3";-1,116;1;2;-0,38033484478293;"0"
"14";"4";-1,116;1;1;-0,67782218547481;"0"
"14";"5";-1,116;1;2;-0,100977081153733;"0"
"14";"6";-1,116;1;1;-1,1256784188361;"0"
"14";"7";-1,116;1;2;-1,03022536388016;"0"
"14";"8";-1,116;1;1;-1,75228281834982;"1"
"14";"9";-1,116;1;2;-1,28682059448395;"0"
"14";"10";-1,116;1;1;-1,36293779676562;"0"
"14";"11";-1,116;1;2;-1,33357496439243;"1"
"14";"12";-1,116;1;1;0,49784795548242;"0"
"14";"13";-1,116;1;2;-0,64656773817548;"1"
"14";"14";-1,116;1;1;-0,510991923989808;"0"
"14";"15";-1,116;1;2;-0,211492284577688;"1"
"14";"16";-1,116;1;1;0,458411468576018;"1"
"14";"17";-1,116;1;2;-0,17755832893101;"1"
"14";"18";-1,116;1;1;0,681194933059676;"1"
"14";"19";-1,116;1;2;-0,497902883387209;"1"
"14";"20";-1,116;1;1;-0,605968312731786;"0"
"15";"1";0,084;2;2;-0,77287145491148;"1"
"15";"2";0,084;2;1;-0,127858902594198;"1"
"15";"3";0,084;2;2;-1,3728709203821;"1"
"15";"4";0,084;2;1;-0,470526920481621;"0"
"15";"5";0,084;2;2;-0,472924795811643;"0"
"15";"6";0,084;2;1;-0,564716316859585;"0"
"15";"7";0,084;2;2;-0,413562376537856;"0"
"15";"8";0,084;2;1;-0,420327269097716;"1"
"15";"9";0,084;2;2;0,239915024610208;"0"
"15";"10";0,084;2;1;-1,17853862698072;"0"
"15";"11";0,084;2;2;-0,381389795703386;"0"
"15";"12";0,084;2;1;-0,759738371713429;"0"
"15";"13";0,084;2;2;-0,594196008474628;"0"
"15";"14";0,084;2;1;-0,0361981023793746;"1"
"15";"15";0,084;2;2;-0,524414368279711;"0"
"15";"16";0,084;2;1;-0,505578437421296;"0"
"15";"17";0,084;2;2;0,0984124024315905;"1"
"15";"18";0,084;2;1;-1,57754498515593;"0"
"15";"19";0,084;2;2;-0,854070757817595;"0"
"15";"20";0,084;2;1;-0,100203715429811;"1"
"16";"1";0,684;1;2;-0,501144199404878;"0"
"16";"2";0,684;1;1;-1,72341901234449;"0"
"16";"3";0,684;1;2;-0,38143624229094;"1"
"16";"4";0,684;1;1;-0,276496266669287;"0"
"16";"5";0,684;1;2;-0,933464956608559;"0"
"16";"6";0,684;1;1;-1,1286790151494;"1"
"16";"7";0,684;1;2;-0,518174456284549;"1"
"16";"8";0,684;1;1;0,114973616125807;"0"
"16";"9";0,684;1;2;-0,934843027032698;"1"
"16";"10";0,684;1;1;-1,56765324124653;"0"
"16";"11";0,684;1;2;-0,177764726882374;"1"
"16";"12";0,684;1;1;-0,248162729096346;"1"
"16";"13";0,684;1;2;-0,87906282598895;"0"
"16";"14";0,684;1;1;-1,48696569817207;"0"
"16";"15";0,684;1;2;-0,530358328680002;"0"
"16";"16";0,684;1;1;-0,611109919977008;"1"
"16";"17";0,684;1;2;-0,474585472012342;"0"
"16";"18";0,684;1;1;-0,733151248974629;"1"
"16";"19";0,684;1;2;-0,00458750336175303;"0"
"16";"20";0,684;1;1;-0,51726209132791;"0"
"17";"1";-1,216;2;2;-0,592774314897271;"0"
"17";"2";-1,216;2;1;-0,724459400420296;"0"
"17";"3";-1,216;2;2;-1,0928989404535;"1"
"17";"4";-1,216;2;1;-1,02506954474705;"0"
"17";"5";-1,216;2;2;-0,276141230385353;"0"
"17";"6";-1,216;2;1;-1,09297506178736;"1"
"17";"7";-1,216;2;2;-1,05441982266532;"0"
"17";"8";-1,216;2;1;-1,76398464305341;"0"
"17";"9";-1,216;2;2;-0,290111016708089;"1"
"17";"10";-1,216;2;1;-1,08589518457349;"0"
"17";"11";-1,216;2;2;0,706538096482995;"0"
"17";"12";-1,216;2;1;-1,47621088303947;"0"
"17";"13";-1,216;2;2;-0,43277958844209;"0"
"17";"14";-1,216;2;1;-1,02052209721337;"0"
"17";"15";-1,216;2;2;-0,869954568097798;"0"
"17";"16";-1,216;2;1;-0,670395306459807;"0"
"17";"17";-1,216;2;2;0,194882375325481;"0"
"17";"18";-1,216;2;1;-0,699036896487183;"0"
"17";"19";-1,216;2;2;-0,496748781860037;"0"
"17";"20";-1,216;2;1;-0,929697299429912;"0"
"18";"1";-4,216;1;2;1,22152621705586;"1"
"18";"2";-4,216;1;1;1,43485174921488;"1"
"18";"3";-4,216;1;2;1,31882046718764;"0"
"18";"4";-4,216;1;1;1,90538530322033;"1"
"18";"5";-4,216;1;2;1,53685168912652;"1"
"18";"6";-4,216;1;1;1,29887789054282;"0"
"18";"7";-4,216;1;2;0,763135555701233;"1"
"18";"8";-4,216;1;1;1,43039640712395;"1"
"18";"9";-4,216;1;2;2,08900800069565;"0"
"18";"10";-4,216;1;1;2,00601524477194;"1"
"18";"11";-4,216;1;2;1,10874499138141;"1"
"18";"12";-4,216;1;1;1,15559378934207;"1"
"18";"13";-4,216;1;2;2,5346272480967;"1"
"18";"14";-4,216;1;1;2,25920068287409;"1"
"18";"15";-4,216;1;2;1,71775895781955;"1"
"18";"16";-4,216;1;1;2,74415364963113;"1"
"18";"17";-4,216;1;2;1,49008473549831;"1"
"18";"18";-4,216;1;1;1,39545620542516;"1"
"18";"19";-4,216;1;2;1,05769225419721;"1"
"18";"20";-4,216;1;1;0,658151449900559;"0"
"19";"1";1,284;2;2;-0,696596493955514;"1"
"19";"2";1,284;2;1;0,022868610658078;"0"
"19";"3";1,284;2;2;-0,536232396278681;"0"
"19";"4";1,284;2;1;0,683907045423876;"1"
"19";"5";1,284;2;2;-0,0843070034253559;"0"
"19";"6";1,284;2;1;-0,61339471753897;"1"
"19";"7";1,284;2;2;-0,18071637023051;"1"
"19";"8";1,284;2;1;0,665323801264635;"0"
"19";"9";1,284;2;2;-0,0760250158394555;"0"
"19";"10";1,284;2;1;0,763617176977972;"1"
"19";"11";1,284;2;2;-0,467764887979771;"0"
"19";"12";1,284;2;1;0,378956097197239;"1"
"19";"13";1,284;2;2;-0,329637541878899;"1"
"19";"14";1,284;2;1;0,400787086674284;"1"
"19";"15";1,284;2;2;0,492724986922703;"0"
"19";"16";1,284;2;1;-0,218845021588016;"0"
"19";"17";1,284;2;2;-1,08857447009337;"0"
"19";"18";1,284;2;1;-0,0557520704451386;"0"
"19";"19";1,284;2;2;-0,9450471114999;"0"
"19";"20";1,284;2;1;0,166711111778561;"0"
"20";"1";-0,216;1;2;-0,873921846459456;"0"
"20";"2";-0,216;1;1;-1,08838349947793;"0"
"20";"3";-0,216;1;2;0,0919041258134969;"1"
"20";"4";-0,216;1;1;-0,71818160367109;"0"
"20";"5";-0,216;1;2;-0,156216198867772;"0"
"20";"6";-0,216;1;1;-0,113364987877702;"1"
"20";"7";-0,216;1;2;0,472575953780349;"1"
"20";"8";-0,216;1;1;-0,417719025436324;"1"
"20";"9";-0,216;1;2;0,0810900803597875;"1"
"20";"10";-0,216;1;1;-1,41348143116805;"0"
"20";"11";-0,216;1;2;-0,360632788770571;"0"
"20";"12";-0,216;1;1;-0,783281815546167;"0"
"20";"13";-0,216;1;2;-0,996316896748487;"0"
"20";"14";-0,216;1;1;-0,207524611446923;"0"
"20";"15";-0,216;1;2;-0,745113525062072;"0"
"20";"16";-0,216;1;1;-0,455304931448844;"0"
"20";"17";-0,216;1;2;-1,31653687282597;"1"
"20";"18";-0,216;1;1;-0,0468665879917121;"0"
"20";"19";-0,216;1;2;-0,681453924631411;"0"
"20";"20";-0,216;1;1;-0,720775388121717;"0"
"21";"1";-0,216;2;2;-0,611386577859427;"0"
"21";"2";-0,216;2;1;-0,35044247660347;"0"
"21";"3";-0,216;2;2;1,02213861684304;"1"
"21";"4";-0,216;2;1;-0,398517842988359;"0"
"21";"5";-0,216;2;2;-0,284828356313419;"0"
"21";"6";-0,216;2;1;0,0284121361153111;"0"
"21";"7";-0,216;2;2;-0,418906131449705;"0"
"21";"8";-0,216;2;1;-0,541756471886271;"0"
"21";"9";-0,216;2;2;-0,305439552023998;"0"
"21";"10";-0,216;2;1;-0,641104439571533;"1"
"21";"11";-0,216;2;2;-0,651327551961663;"0"
"21";"12";-0,216;2;1;0,29692193630653;"0"
"21";"13";-0,216;2;2;-0,676416309419389;"0"
"21";"14";-0,216;2;1;0,364917271824243;"0"
"21";"15";-0,216;2;2;-1,38894341778114;"0"
"21";"16";-0,216;2;1;-0,479900697682564;"0"
"21";"17";-0,216;2;2;-0,53624136197505;"0"
"21";"18";-0,216;2;1;0,0508277703032766;"0"
"21";"19";-0,216;2;2;-0,0928632369849635;"0"
"21";"20";-0,216;2;1;0,0883258682220571;"0"
"22";"1";-0,316;1;2;-0,0389321148148917;"1"
"22";"2";-0,316;1;1;-0,169965156741806;"0"
"22";"3";-0,316;1;2;-0,563655108608218;"0"
"22";"4";-0,316;1;1;-0,793436138499674;"0"
"22";"5";-0,316;1;2;-0,113376443648384;"0"
"22";"6";-0,316;1;1;0,372424653919156;"0"
"22";"7";-0,316;1;2;-0,159899377905197;"0"
"22";"8";-0,316;1;1;-0,863033675253902;"1"
"22";"9";-0,316;1;2;-0,902272111525324;"1"
"22";"10";-0,316;1;1;-0,714539761206191;"0"
"22";"11";-0,316;1;2;-0,150663302603906;"0"
"22";"12";-0,316;1;1;-0,855227443693315;"1"
"22";"13";-0,316;1;2;-0,813730609807072;"0"
"22";"14";-0,316;1;1;-0,137241299946214;"1"
"22";"15";-0,316;1;2;0,201050957164665;"1"
"22";"16";-0,316;1;1;-0,374468773076206;"0"
"22";"17";-0,316;1;2;-0,79293024291062;"0"
"22";"18";-0,316;1;1;-0,0944348208006651;"0"
"22";"19";-0,316;1;2;-0,228968529506489;"0"
"22";"20";-0,316;1;1;-0,899605472795479;"0"
"23";"1";-1,416;2;2;-1,7861400030584;"0"
"23";"2";-1,416;2;1;-0,398758769340058;"0"
"23";"3";-1,416;2;2;0,706408484098988;"1"
"23";"4";-1,416;2;1;-0,466816590911619;"1"
"23";"5";-1,416;2;2;-0,486227504354903;"1"
"23";"6";-1,416;2;1;-0,900132902337722;"0"
"23";"7";-1,416;2;2;-0,101316915802225;"0"
"23";"8";-1,416;2;1;-0,457757310892849;"0"
"23";"9";-1,416;2;2;0,0684437408399487;"1"
"23";"10";-1,416;2;1;-1,45088879895065;"1"
"23";"11";-1,416;2;2;0,0386345102774347;"0"
"23";"12";-1,416;2;1;-0,910355739202498;"1"
"23";"13";-1,416;2;2;-0,727823158736666;"1"
"23";"14";-1,416;2;1;-0,279838766137431;"0"
"23";"15";-1,416;2;2;0,368676890536536;"0"
"23";"16";-1,416;2;1;-0,691451296478025;"1"
"23";"17";-1,416;2;2;-1,16057801590393;"0"
"23";"18";-1,416;2;1;-1,76160021065888;"0"
"23";"19";-1,416;2;2;-1,17922078062403;"0"
"23";"20";-1,416;2;1;-0,124727967361016;"0"
"24";"1";-2,416;1;2;-0,0106980759217406;"1"
"24";"2";-2,416;1;1;-0,436061087149784;"0"
"24";"3";-2,416;1;2;1,06747826319099;"1"
"24";"4";-2,416;1;1;0,142452331940405;"1"
"24";"5";-2,416;1;2;0,168676171953266;"0"
"24";"6";-2,416;1;1;-0,430792802649016;"1"
"24";"7";-2,416;1;2;0,124233578774645;"0"
"24";"8";-2,416;1;1;-1,36530058921144;"0"
"24";"9";-2,416;1;2;0,503895794026927;"1"
"24";"10";-2,416;1;1;-0,638844043309812;"1"
"24";"11";-2,416;1;2;0,481293222209646;"1"
"24";"12";-2,416;1;1;-0,980608631008123;"1"
"24";"13";-2,416;1;2;0,275979788838498;"1"
"24";"14";-2,416;1;1;0,0629374682641099;"1"
"24";"15";-2,416;1;2;0,32414632852874;"1"
"24";"16";-2,416;1;1;-0,70744663155094;"0"
"24";"17";-2,416;1;2;0,230211469360525;"0"
"24";"18";-2,416;1;1;0,548851594199689;"1"
"24";"19";-2,416;1;2;0,18526204672823;"1"
"24";"20";-2,416;1;1;0,598568294595492;"1"
"25";"1";0,184;2;2;-0,750709375978816;"1"
"25";"2";0,184;2;1;-0,639754131504188;"0"
"25";"3";0,184;2;2;-0,548899582862457;"0"
"25";"4";0,184;2;1;0,41485400348154;"1"
"25";"5";0,184;2;2;-0,305116777849518;"0"
"25";"6";0,184;2;1;0,291313867030106;"1"
"25";"7";0,184;2;2;0,324005056774558;"1"
"25";"8";0,184;2;1;0,227803565297352;"0"
"25";"9";0,184;2;2;0,189123912392934;"0"
"25";"10";0,184;2;1;0,604645288183542;"1"
"25";"11";0,184;2;2;-0,863128373097909;"0"
"25";"12";0,184;2;1;-0,43922057138079;"0"
"25";"13";0,184;2;2;-0,567148020223467;"0"
"25";"14";0,184;2;1;0,495356623334462;"1"
"25";"15";0,184;2;2;-0,097955861535326;"1"
"25";"16";0,184;2;1;-0,476767400093931;"0"
"25";"17";0,184;2;2;0,823949642392651;"0"
"25";"18";0,184;2;1;0,360358490624826;"0"
"25";"19";0,184;2;2;-0,610386867582216;"0"
"25";"20";0,184;2;1;0,0555287625673052;"0"
"26";"1";1,784;1;2;-0,160870810046194;"1"
"26";"2";1,784;1;1;-0,368328831721552;"0"
"26";"3";1,784;1;2;-0,22554727316412;"1"
"26";"4";1,784;1;1;-0,581772264881079;"0"
"26";"5";1,784;1;2;0,157140684303355;"0"
"26";"6";1,784;1;1;-0,305085150590179;"0"
"26";"7";1,784;1;2;1,13516816907857;"1"
"26";"8";1,784;1;1;0,34808056713769;"0"
"26";"9";1,784;1;2;1,46703188736898;"1"
"26";"10";1,784;1;1;0,848791243375669;"0"
"26";"11";1,784;1;2;1,07415272245498;"1"
"26";"12";1,784;1;1;0,592100003686834;"1"
"26";"13";1,784;1;2;0,395784081835873;"1"
"26";"14";1,784;1;1;-0,336358298414117;"0"
"26";"15";1,784;1;2;-0,26148427727331;"0"
"26";"16";1,784;1;1;-1,5879064320285;"1"
"26";"17";1,784;1;2;-0,25083415360258;"1"
"26";"18";1,784;1;1;0,133291802463334;"1"
"26";"19";1,784;1;2;0,844225525380184;"1"
"26";"20";1,784;1;1;-0,0522791918306744;"1"
"27";"1";1,084;2;2;-0,306351492693008;"1"
"27";"2";1,084;2;1;-0,632620396084712;"0"
"27";"3";1,084;2;2;0,629164041819896;"1"
"27";"4";1,084;2;1;0,348256096020054;"1"
"27";"5";1,084;2;2;0,153053699634243;"0"
"27";"6";1,084;2;1;0,796814202672833;"1"
"27";"7";1,084;2;2;-0,0160426218471105;"0"
"27";"8";1,084;2;1;-0,973759812537317;"0"
"27";"9";1,084;2;2;0,268430153014675;"0"
"27";"10";1,084;2;1;-0,331548655708612;"0"
"27";"11";1,084;2;2;-0,296175252595864;"1"
"27";"12";1,084;2;1;0,714208364484587;"0"
"27";"13";1,084;2;2;1,07312317170446;"0"
"27";"14";1,084;2;1;0,366746571652868;"1"
"27";"15";1,084;2;2;0,974477142117126;"1"
"27";"16";1,084;2;1;-0,339698633186717;"0"
"27";"17";1,084;2;2;0,995876924656431;"1"
"27";"18";1,084;2;1;-0,624751962522762;"0"
"27";"19";1,084;2;2;-0,303911965609098;"1"
"27";"20";1,084;2;1;-0,282740281892791;"1"
"28";"1";-0,216;1;2;-0,534100975083979;"0"
"28";"2";-0,216;1;1;-1,24131824707703;"0"
"28";"3";-0,216;1;2;-0,56822180874569;"1"
"28";"4";-0,216;1;1;-0,70351895376983;"1"
"28";"5";-0,216;1;2;-0,972418679037711;"0"
"28";"6";-0,216;1;1;-1,2925313188096;"1"
"28";"7";-0,216;1;2;0,128057052286662;"1"
"28";"8";-0,216;1;1;-1,57083770216209;"0"
"28";"9";-0,216;1;2;-1,19263826634922;"0"
"28";"10";-0,216;1;1;0,141862457167044;"1"
"28";"11";-0,216;1;2;-0,792049497349495;"0"
"28";"12";-0,216;1;1;-0,697577261855213;"0"
"28";"13";-0,216;1;2;-1,15248861790333;"0"
"28";"14";-0,216;1;1;-0,883273795318882;"0"
"28";"15";-0,216;1;2;-0,617338003901049;"0"
"28";"16";-0,216;1;1;-0,917372606332989;"1"
"28";"17";-0,216;1;2;-1,06389495932225;"0"
"28";"18";-0,216;1;1;-0,145736386465785;"1"
"28";"19";-0,216;1;2;-0,928406309017835;"0"
"28";"20";-0,216;1;1;-1,02440568249942;"0"
"29";"1";-2,116;2;2;-0,727339568271757;"0"
"29";"2";-2,116;2;1;-0,500607945049777;"0"
"29";"3";-2,116;2;2;-0,550436389295313;"0"
"29";"4";-2,116;2;1;0,180706440606142;"0"
"29";"5";-2,116;2;2;-1,22668371519429;"0"
"29";"6";-2,116;2;1;0,0107509913218347;"1"
"29";"7";-2,116;2;2;0,0875219786905459;"0"
"29";"8";-2,116;2;1;-1,09428827491175;"0"
"29";"9";-2,116;2;2;0,201084398275641;"1"
"29";"10";-2,116;2;1;-1,45305776212979;"0"
"29";"11";-2,116;2;2;0,115288910269069;"0"
"29";"12";-2,116;2;1;-1,1008612678428;"0"
"29";"13";-2,116;2;2;-0,54972114125927;"0"
"29";"14";-2,116;2;1;-0,341837531187913;"0"
"29";"15";-2,116;2;2;0,339830350413187;"0"
"29";"16";-2,116;2;1;0,0299565987377639;"0"
"29";"17";-2,116;2;2;0,0332484797062572;"0"
"29";"18";-2,116;2;1;-1,4278457040338;"0"
"29";"19";-2,116;2;2;-0,0829817450782022;"1"
"29";"20";-2,116;2;1;-0,364043712560719;"0"
"30";"1";3,084;1;2;1,54891009205736;"0"
"30";"2";3,084;1;1;0,996655287498681;"1"
"30";"3";3,084;1;2;1,82196056642041;"1"
"30";"4";3,084;1;1;0,847309388191041;"1"
"30";"5";3,084;1;2;1,53613013154284;"1"
"30";"6";3,084;1;1;1,72146771500001;"1"
"30";"7";3,084;1;2;1,81386383841757;"1"
"30";"8";3,084;1;1;1,5899549166643;"1"
"30";"9";3,084;1;2;1,36543223383413;"1"
"30";"10";3,084;1;1;1,54935464072425;"1"
"30";"11";3,084;1;2;1,38756767629341;"1"
"30";"12";3,084;1;1;0,911530150004967;"1"
"30";"13";3,084;1;2;0,79290758200167;"0"
"30";"14";3,084;1;1;2,06472072034207;"1"
"30";"15";3,084;1;2;1,30060320561688;"0"
"30";"16";3,084;1;1;1,62355772398745;"1"
"30";"17";3,084;1;2;1,41977576374875;"1"
"30";"18";3,084;1;1;1,34327246952945;"1"
"30";"19";3,084;1;2;1,31334988775267;"1"
"30";"20";3,084;1;1;2,0931925641445;"1"
"31";"1";-1,916;2;2;-0,365921070590748;"0"
"31";"2";-1,916;2;1;-0,148424213230619;"0"
"31";"3";-1,916;2;2;0,0797118552801793;"1"
"31";"4";-1,916;2;1;0,566195868974347;"0"
"31";"5";-1,916;2;2;-0,557795984877424;"0"
"31";"6";-1,916;2;1;-0,570172937460351;"0"
"31";"7";-1,916;2;2;0,0104525864322441;"0"
"31";"8";-1,916;2;1;0,286678994795501;"1"
"31";"9";-1,916;2;2;0,0666792775247717;"0"
"31";"10";-1,916;2;1;-0,130399961747408;"0"
"31";"11";-1,916;2;2;0,0150459444531339;"0"
"31";"12";-1,916;2;1;-0,987910440261751;"0"
"31";"13";-1,916;2;2;-0,229185300285103;"0"
"31";"14";-1,916;2;1;-0,231288492248787;"1"
"31";"15";-1,916;2;2;0,497884482565041;"1"
"31";"16";-1,916;2;1;0,504755963990794;"0"
"31";"17";-1,916;2;2;-0,251044399396093;"0"
"31";"18";-1,916;2;1;-0,45011219949236;"0"
"31";"19";-1,916;2;2;-0,0265513201966696;"1"
"31";"20";-1,916;2;1;-0,08767772321375;"0"
"32";"1";0,584;1;2;-1,45080311218224;"1"
"32";"2";0,584;1;1;-0,824685982392181;"0"
"32";"3";0,584;1;2;-0,0503119443686697;"1"
"32";"4";0,584;1;1;-1,01924176505546;"1"
"32";"5";0,584;1;2;-0,163842639709025;"1"
"32";"6";0,584;1;1;-0,573456420421047;"0"
"32";"7";0,584;1;2;-0,985685900737444;"1"
"32";"8";0,584;1;1;-0,570725290912581;"0"
"32";"9";0,584;1;2;0,46811570152067;"1"
"32";"10";0,584;1;1;0,200085394615443;"0"
"32";"11";0,584;1;2;-0,234945417476977;"0"
"32";"12";0,584;1;1;-0,110523176407419;"0"
"32";"13";0,584;1;2;-0,493295202451779;"1"
"32";"14";0,584;1;1;-0,53289153687166;"1"
"32";"15";0,584;1;2;-0,202600269983096;"0"
"32";"16";0,584;1;1;-1,06808997272214;"0"
"32";"17";0,584;1;2;-0,307268463473314;"0"
"32";"18";0,584;1;1;-1,18483805225886;"0"
"32";"19";0,584;1;2;-1,1262720011453;"0"
"32";"20";0,584;1;1;-0,969137734321445;"0"
"33";"1";1,884;2;2;-0,941858023803556;"0"
"33";"2";1,884;2;1;-0,624524516073914;"1"
"33";"3";1,884;2;2;1,24850161804993;"1"
"33";"4";1,884;2;1;0,564706622649208;"0"
"33";"5";1,884;2;2;0,926115808499708;"1"
"33";"6";1,884;2;1;0,95393869520223;"0"
"33";"7";1,884;2;2;-0,657141580834326;"0"
"33";"8";1,884;2;1;0,3726445753459;"1"
"33";"9";1,884;2;2;2,3361553001763;"1"
"33";"10";1,884;2;1;-0,566768917106084;"0"
"33";"11";1,884;2;2;-0,02472542314419;"1"
"33";"12";1,884;2;1;-0,30049970787199;"1"
"33";"13";1,884;2;2;1,04337059653003;"1"
"33";"14";1,884;2;1;0,279066315917765;"0"
"33";"15";1,884;2;2;0,771744163351489;"1"
"33";"16";1,884;2;1;0,067777052326053;"1"
"33";"17";1,884;2;2;0,563975925958949;"1"
"33";"18";1,884;2;1;-0,00641763916081517;"1"
"33";"19";1,884;2;2;0,783842290924066;"1"
"33";"20";1,884;2;1;1,09142596850349;"1"
"34";"1";1,684;1;2;-0,533980892766181;"0"
"34";"2";1,684;1;1;0,216637433530409;"0"
"34";"3";1,684;1;2;-0,408927080090282;"0"
"34";"4";1,684;1;1;0,277436448387098;"0"
"34";"5";1,684;1;2;-1,09875373327071;"0"
"34";"6";1,684;1;1;-0,294908653947115;"0"
"34";"7";1,684;1;2;0,540022355045787;"0"
"34";"8";1,684;1;1;0,768047162447383;"1"
"34";"9";1,684;1;2;-0,706706182177194;"0"
"34";"10";1,684;1;1;0,572983011121141;"1"
"34";"11";1,684;1;2;0,430512933669199;"0"
"34";"12";1,684;1;1;0,210399198369539;"0"
"34";"13";1,684;1;2;-0,483401904028812;"1"
"34";"14";1,684;1;1;1,05980036127089;"0"
"34";"15";1,684;1;2;0,583998667661195;"1"
"34";"16";1,684;1;1;-0,747146815929597;"1"
"34";"17";1,684;1;2;0,703728572140965;"1"
"34";"18";1,684;1;1;0,965458916309267;"1"
"34";"19";1,684;1;2;0,44326596145772;"0"
"34";"20";1,684;1;1;-1,09731944905699;"1"
"35";"1";-0,616;2;2;-0,305036182190142;"1"
"35";"2";-0,616;2;1;-0,699522740069257;"1"
"35";"3";-0,616;2;2;-0,154472882497487;"0"
"35";"4";-0,616;2;1;-0,623012349585797;"1"
"35";"5";-0,616;2;2;-0,537061529708151;"0"
"35";"6";-0,616;2;1;-0,50846914010022;"0"
"35";"7";-0,616;2;2;-0,750640810291471;"0"
"35";"8";-0,616;2;1;-0,796187202390825;"0"
"35";"9";-0,616;2;2;-0,898309667091398;"0"
"35";"10";-0,616;2;1;0,300716907630425;"1"
"35";"11";-0,616;2;2;0,812917482638022;"1"
"35";"12";-0,616;2;1;-0,901837815388892;"1"
"35";"13";-0,616;2;2;-0,622341170367154;"1"
"35";"14";-0,616;2;1;-0,113367640725718;"0"
"35";"15";-0,616;2;2;-0,100167714679967;"0"
"35";"16";-0,616;2;1;-0,582143482042168;"0"
"35";"17";-0,616;2;2;-0,126714133933421;"1"
"35";"18";-0,616;2;1;-0,250666400381859;"1"
"35";"19";-0,616;2;2;-0,325387717744292;"0"
"35";"20";-0,616;2;1;-0,796690426353092;"1"
"36";"1";-2,316;1;2;-0,201453295011152;"0"
"36";"2";-2,316;1;1;-1,1861685617385;"0"
"36";"3";-2,316;1;2;0,123139342805348;"1"
"36";"4";-2,316;1;1;0,268598549561007;"1"
"36";"5";-2,316;1;2;-0,296282277371605;"1"
"36";"6";-2,316;1;1;0,0613975890809283;"0"
"36";"7";-2,316;1;2;-0,493934057515273;"0"
"36";"8";-2,316;1;1;0,156495073176185;"1"
"36";"9";-2,316;1;2;0,329147349503652;"1"
"36";"10";-2,316;1;1;0,634891197703602;"0"
"36";"11";-2,316;1;2;0,182725579546214;"0"
"36";"12";-2,316;1;1;0,398487006289401;"0"
"36";"13";-2,316;1;2;0,488226811211475;"1"
"36";"14";-2,316;1;1;0,384482886980525;"1"
"36";"15";-2,316;1;2;0,0953920441446588;"1"
"36";"16";-2,316;1;1;-0,0662081060509514;"1"
"36";"17";-2,316;1;2;-0,774328001316176;"1"
"36";"18";-2,316;1;1;-0,270698366532615;"0"
"36";"19";-2,316;1;2;0,126070507968575;"0"
"36";"20";-2,316;1;1;-0,386496481440469;"0"
"37";"1";1,284;2;2;0,41843012529645;"1"
"37";"2";1,284;2;1;-0,803156086679691;"1"
"37";"3";1,284;2;2;-0,0671128861835999;"0"
"37";"4";1,284;2;1;0,406704940048287;"0"
"37";"5";1,284;2;2;-0,42251779929469;"0"
"37";"6";1,284;2;1;-0,541619824500358;"1"
"37";"7";1,284;2;2;-0,661589669136922;"1"
"37";"8";1,284;2;1;-0,0525915993446447;"0"
"37";"9";1,284;2;2;0,697672798770151;"1"
"37";"10";1,284;2;1;0,0733074273925852;"0"
"37";"11";1,284;2;2;0,031490758732599;"0"
"37";"12";1,284;2;1;-0,701794191505518;"0"
"37";"13";1,284;2;2;-0,233674636451354;"1"
"37";"14";1,284;2;1;0,757257224399189;"1"
"37";"15";1,284;2;2;0,0990053428280451;"0"
"37";"16";1,284;2;1;0,299169232078589;"0"
"37";"17";1,284;2;2;-0,310170091537582;"0"
"37";"18";1,284;2;1;-1,14131729604171;"0"
"37";"19";1,284;2;2;0,354704709088528;"0"
"37";"20";1,284;2;1;0,905984175402671;"1"
"38";"1";0,484;1;2;-0,715542101233797;"1"
"38";"2";0,484;1;1;-1,68524809352004;"0"
"38";"3";0,484;1;2;-0,478963648118151;"0"
"38";"4";0,484;1;1;-0,441901611702245;"1"
"38";"5";0,484;1;2;-0,175916795174308;"1"
"38";"6";0,484;1;1;-1,0937576319862;"0"
"38";"7";0,484;1;2;-0,993273084402552;"1"
"38";"8";0,484;1;1;-1,66273609855503;"0"
"38";"9";0,484;1;2;-1,44183182690666;"0"
"38";"10";0,484;1;1;-1,78720984008202;"0"
"38";"11";0,484;1;2;-0,697793792231621;"0"
"38";"12";0,484;1;1;-0,559404160390391;"0"
"38";"13";0,484;1;2;-1,67306649869716;"1"
"38";"14";0,484;1;1;-0,904871603101229;"0"
"38";"15";0,484;1;2;-2,07752127916974;"0"
"38";"16";0,484;1;1;0,468474413337355;"1"
"38";"17";0,484;1;2;-0,85615325682033;"1"
"38";"18";0,484;1;1;-0,882965262669515;"0"
"38";"19";0,484;1;2;-0,974976724385908;"0"
"38";"20";0,484;1;1;-0,777236391635065;"1"
"39";"1";2,484;2;2;1,4654475470349;"1"
"39";"2";2,484;2;1;-0,0730373607709818;"0"
"39";"3";2,484;2;2;0,491579934157853;"1"
"39";"4";2,484;2;1;0,183783297033064;"0"
"39";"5";2,484;2;2;0,606933040438589;"1"
"39";"6";2,484;2;1;0,670994980433651;"1"
"39";"7";2,484;2;2;0,614617791868434;"1"
"39";"8";2,484;2;1;0,577072384084509;"0"
"39";"9";2,484;2;2;2,07957537053469;"1"
"39";"10";2,484;2;1;0,775956907952405;"1"
"39";"11";2,484;2;2;1,21560970831377;"1"
"39";"12";2,484;2;1;1,01890083746224;"1"
"39";"13";2,484;2;2;2,19662532813915;"1"
"39";"14";2,484;2;1;1,11527563388245;"0"
"39";"15";2,484;2;2;2,41908074546006;"1"
"39";"16";2,484;2;1;0,465515189378878;"1"
"39";"17";2,484;2;2;0,47380957860748;"1"
"39";"18";2,484;2;1;0,866202910455274;"1"
"39";"19";2,484;2;2;1,31913420299063;"1"
"39";"20";2,484;2;1;2,79553195299621;"1"
"40";"1";-2,416;1;2;-0,360632981943437;"0"
"40";"2";-2,416;1;1;-0,658850072592195;"1"
"40";"3";-2,416;1;2;0,479586561153206;"0"
"40";"4";-2,416;1;1;0,544823385261888;"1"
"40";"5";-2,416;1;2;-0,0265072389749284;"0"
"40";"6";-2,416;1;1;-0,484450641398863;"1"
"40";"7";-2,416;1;2;-0,422704008624035;"0"
"40";"8";-2,416;1;1;-1,59284533707244;"0"
"40";"9";-2,416;1;2;-1,01895362053776;"1"
"40";"10";-2,416;1;1;-0,903007728581034;"0"
"40";"11";-2,416;1;2;-0,131596042939205;"0"
"40";"12";-2,416;1;1;0,467061218157268;"1"
"40";"13";-2,416;1;2;-0,688860684418069;"1"
"40";"14";-2,416;1;1;-0,0239654514725607;"1"
"40";"15";-2,416;1;2;0,263229524189674;"1"
"40";"16";-2,416;1;1;-1,36040689842642;"0"
"40";"17";-2,416;1;2;-0,576251259661688;"0"
"40";"18";-2,416;1;1;-0,713650465788437;"1"
"40";"19";-2,416;1;2;-0,611235724824882;"1"
"40";"20";-2,416;1;1;0,255496713788561;"1"
"41";"1";-0,216;2;2;-1,15564850317623;"1"
"41";"2";-0,216;2;1;-1,55415400867042;"1"
"41";"3";-0,216;2;2;-0,145198337992582;"1"
"41";"4";-0,216;2;1;-0,275135215137018;"1"
"41";"5";-0,216;2;2;-1,77790210364925;"0"
"41";"6";-0,216;2;1;-0,818544635015827;"0"
"41";"7";-0,216;2;2;-0,901634633813703;"0"
"41";"8";-0,216;2;1;-0,665508943079786;"0"
"41";"9";-0,216;2;2;-0,495052795845581;"1"
"41";"10";-0,216;2;1;-0,731975326371614;"0"
"41";"11";-0,216;2;2;-1,15965089412872;"0"
"41";"12";-0,216;2;1;-0,561982889158004;"0"
"41";"13";-0,216;2;2;-0,0520494743850202;"0"
"41";"14";-0,216;2;1;-0,0364225825377675;"1"
"41";"15";-0,216;2;2;-0,271631696219481;"0"
"41";"16";-0,216;2;1;-0,762468896346933;"0"
"41";"17";-0,216;2;2;0,0702416960206849;"1"
"41";"18";-0,216;2;1;-1,01151026595693;"0"
"41";"19";-0,216;2;2;-0,223800350689465;"1"
"41";"20";-0,216;2;1;-0,430380587385523;"1"
"42";"1";0,784;1;2;-0,448176602612793;"0"
"42";"2";0,784;1;1;-0,934177440085504;"0"
"42";"3";0,784;1;2;0,217454011983181;"0"
"42";"4";0,784;1;1;-0,423140977867922;"1"
"42";"5";0,784;1;2;0,548947055722176;"1"
"42";"6";0,784;1;1;-0,0804153442905042;"1"
"42";"7";0,784;1;2;0,00538017654231049;"1"
"42";"8";0,784;1;1;-0,763793522847488;"0"
"42";"9";0,784;1;2;-0,526122316624624;"0"
"42";"10";0,784;1;1;-0,433868695683879;"0"
"42";"11";0,784;1;2;-0,0359188907685383;"1"
"42";"12";0,784;1;1;0,226490881679153;"0"
"42";"13";0,784;1;2;-0,14426056617939;"0"
"42";"14";0,784;1;1;-0,196983159116242;"1"
"42";"15";0,784;1;2;0,0778254929914329;"0"
"42";"16";0,784;1;1;0,54705789509705;"0"
"42";"17";0,784;1;2;-0,337739224296507;"0"
"42";"18";0,784;1;1;-0,96297187462516;"0"
"42";"19";0,784;1;2;-0,581036612136479;"0"
"42";"20";0,784;1;1;-0,900367572202043;"0"
"43";"1";-1,216;2;2;-0,376073915572194;"0"
"43";"2";-1,216;2;1;0,144466647717965;"1"
"43";"3";-1,216;2;2;-0,831669005398831;"0"
"43";"4";-1,216;2;1;-0,831914777334068;"1"
"43";"5";-1,216;2;2;0,114518934791924;"1"
"43";"6";-1,216;2;1;0,249731070664618;"0"
"43";"7";-1,216;2;2;1,09258475210936;"1"
"43";"8";-1,216;2;1;-0,306627190132827;"0"
"43";"9";-1,216;2;2;0,0257982090287768;"0"
"43";"10";-1,216;2;1;0,211924751663505;"1"
"43";"11";-1,216;2;2;-0,0888315531897341;"1"
"43";"12";-1,216;2;1;0,364461404821047;"1"
"43";"13";-1,216;2;2;0,0823318156103904;"1"
"43";"14";-1,216;2;1;-0,0379961754006633;"0"
"43";"15";-1,216;2;2;0,0750956918035567;"1"
"43";"16";-1,216;2;1;-0,495437648563204;"0"
"43";"17";-1,216;2;2;0,487773646469471;"0"
"43";"18";-1,216;2;1;0,21148213592995;"1"
"43";"19";-1,216;2;2;0,532296059693283;"0"
"43";"20";-1,216;2;1;0,683634052747302;"1"
"44";"1";-2,016;1;2;0,223427016360332;"1"
"44";"2";-2,016;1;1;0,319986272165154;"1"
"44";"3";-2,016;1;2;-0,413939258557365;"0"
"44";"4";-2,016;1;1;-0,516626781723943;"0"
"44";"5";-2,016;1;2;-0,935591215789741;"0"
"44";"6";-2,016;1;1;-0,247241012692754;"0"
"44";"7";-2,016;1;2;0,258753878893119;"1"
"44";"8";-2,016;1;1;-1,21384267756501;"0"
"44";"9";-2,016;1;2;-1,15216246387027;"1"
"44";"10";-2,016;1;1;0,172945357592913;"1"
"44";"11";-2,016;1;2;0,966392807546753;"0"
"44";"12";-2,016;1;1;-0,00190072317966687;"1"
"44";"13";-2,016;1;2;-0,413363781748456;"1"
"44";"14";-2,016;1;1;-0,701235510535582;"0"
"44";"15";-2,016;1;2;-0,856679002783868;"0"
"44";"16";-2,016;1;1;-0,959885777537585;"0"
"44";"17";-2,016;1;2;-0,0656174596600251;"1"
"44";"18";-2,016;1;1;-1,10763979600897;"0"
"44";"19";-2,016;1;2;0,250107098225092;"1"
"44";"20";-2,016;1;1;-1,38939473326925;"0"
"45";"1";0,684;2;2;-0,828922257286402;"0"
"45";"2";0,684;2;1;0,725825936693548;"1"
"45";"3";0,684;2;2;-0,422280302098083;"1"
"45";"4";0,684;2;1;1,57081993037965;"1"
"45";"5";0,684;2;2;0,620754253473649;"0"
"45";"6";0,684;2;1;-0,269732682465661;"0"
"45";"7";0,684;2;2;0,304037000517633;"1"
"45";"8";0,684;2;1;0,530581708425927;"1"
"45";"9";0,684;2;2;-0,277830215258614;"0"
"45";"10";0,684;2;1;-0,00579892130484645;"1"
"45";"11";0,684;2;2;0,624966550410934;"1"
"45";"12";0,684;2;1;-0,182537365145392;"1"
"45";"13";0,684;2;2;-0,568461154978043;"0"
"45";"14";0,684;2;1;1,2314292819103;"1"
"45";"15";0,684;2;2;0,509819799774394;"0"
"45";"16";0,684;2;1;0,424896589990591;"1"
"45";"17";0,684;2;2;0,665529650711685;"1"
"45";"18";0,684;2;1;0,0836207062909656;"1"
"45";"19";0,684;2;2;-0,312367064582232;"1"
"45";"20";0,684;2;1;-0,619874426455087;"0"
"46";"1";0,484;1;2;-0,745462760976303;"1"
"46";"2";0,484;1;1;0,262178606893248;"1"
"46";"3";0,484;1;2;-0,395444743665629;"1"
"46";"4";0,484;1;1;-0,156202933004313;"0"
"46";"5";0,484;1;2;0,129818898995155;"1"
"46";"6";0,484;1;1;-0,291163766404299;"1"
"46";"7";0,484;1;2;0,497461990351796;"1"
"46";"8";0,484;1;1;0,00239026534783925;"0"
"46";"9";0,484;1;2;-0,398698679003493;"0"
"46";"10";0,484;1;1;0,0332712549084674;"0"
"46";"11";0,484;1;2;0,315980200341447;"1"
"46";"12";0,484;1;1;0,155206488384612;"0"
"46";"13";0,484;1;2;-0,519765301427935;"0"
"46";"14";0,484;1;1;-0,875473564833805;"0"
"46";"15";0,484;1;2;0,440763712790203;"1"
"46";"16";0,484;1;1;-0,478541704585666;"0"
"46";"17";0,484;1;2;-0,110780496077525;"1"
"46";"18";0,484;1;1;-0,198103757903562;"1"
"46";"19";0,484;1;2;0,586437762254443;"1"
"46";"20";0,484;1;1;-1,09649152931874;"1"
"47";"1";-1,316;2;2;-0,432474541756162;"1"
"47";"2";-1,316;2;1;-1,82113987481505;"1"
"47";"3";-1,316;2;2;-0,486935123916782;"0"
"47";"4";-1,316;2;1;-0,120554216975863;"1"
"47";"5";-1,316;2;2;-0,433889324544044;"1"
"47";"6";-1,316;2;1;-0,652066611841557;"0"
"47";"7";-1,316;2;2;-0,442885225539443;"0"
"47";"8";-1,316;2;1;-0,825572570434089;"1"
"47";"9";-1,316;2;2;-1,07700578687528;"0"
"47";"10";-1,316;2;1;-0,629261089228156;"1"
"47";"11";-1,316;2;2;-0,235776819655329;"0"
"47";"12";-1,316;2;1;-1,60166198035458;"0"
"47";"13";-1,316;2;2;-1,69409355892625;"1"
"47";"14";-1,316;2;1;0,735310183408503;"0"
"47";"15";-1,316;2;2;-0,412964261986446;"1"
"47";"16";-1,316;2;1;-0,785627763164097;"1"
"47";"17";-1,316;2;2;-1,46065418836238;"1"
"47";"18";-1,316;2;1;-0,564804465795562;"0"
"47";"19";-1,316;2;2;-1,12990790290208;"0"
"47";"20";-1,316;2;1;-0,748847299396153;"0"
"48";"1";0,284;1;2;0,0756375388339867;"0"
"48";"2";0,284;1;1;-1,34891590346061;"1"
"48";"3";0,284;1;2;-0,794873839602604;"0"
"48";"4";0,284;1;1;0,0624762197509557;"0"
"48";"5";0,284;1;2;-1,53100270282382;"0"
"48";"6";0,284;1;1;-1,17751926752377;"1"
"48";"7";0,284;1;2;-1,36912463208203;"0"
"48";"8";0,284;1;1;-0,760632436836354;"0"
"48";"9";0,284;1;2;-0,800660786561467;"0"
"48";"10";0,284;1;1;-0,782587254914471;"0"
"48";"11";0,284;1;2;-0,897688170511879;"0"
"48";"12";0,284;1;1;-1,51348566228826;"0"
"48";"13";0,284;1;2;-1,17349574862975;"0"
"48";"14";0,284;1;1;-0,513575230362316;"1"
"48";"15";0,284;1;2;-1,75830959240865;"1"
"48";"16";0,284;1;1;-0,416949159037279;"0"
"48";"17";0,284;1;2;-0,821528126984094;"1"
"48";"18";0,284;1;1;-0,591956764743363;"1"
"48";"19";0,284;1;2;-0,267435896481658;"0"
"48";"20";0,284;1;1;-0,510555337970213;"0"
"49";"1";3,784;2;2;2,16946763162118;"1"
"49";"2";3,784;2;1;2,20636416665024;"1"
"49";"3";3,784;2;2;2,84831464504494;"1"
"49";"4";3,784;2;1;3,06132659811509;"1"
"49";"5";3,784;2;2;2,42832981309329;"1"
"49";"6";3,784;2;1;2,61909952029593;"1"
"49";"7";3,784;2;2;3,16956916322262;"1"
"49";"8";3,784;2;1;3,25787800694644;"1"
"49";"9";3,784;2;2;3,19644740503526;"1"
"49";"10";3,784;2;1;2,51764513147152;"1"
"49";"11";3,784;2;2;2,6836821944089;"1"
"49";"12";3,784;2;1;2,44914627221583;"1"
"49";"13";3,784;2;2;2,86955921239075;"1"
"49";"14";3,784;2;1;3,13580675438322;"1"
"49";"15";3,784;2;2;2,86379911683632;"1"
"49";"16";3,784;2;1;2,29870776323731;"1"
"49";"17";3,784;2;2;3,6831303388905;"1"
"49";"18";3,784;2;1;2,32986894779224;"0"
"49";"19";3,784;2;2;2,45403131558863;"1"
"49";"20";3,784;2;1;3,34155386577832;"1"
"50";"1";-1,716;1;2;-0,191072734965686;"0"
"50";"2";-1,716;1;1;-0,678690442740209;"0"
"50";"3";-1,716;1;2;-0,320441637076786;"1"
"50";"4";-1,716;1;1;-0,840845437146499;"0"
"50";"5";-1,716;1;2;-0,271649519724495;"1"
"50";"6";-1,716;1;1;-0,230453571347647;"0"
"50";"7";-1,716;1;2;0,352616074385825;"1"
"50";"8";-1,716;1;1;-0,915278275724869;"0"
"50";"9";-1,716;1;2;-1,15833049946277;"1"
"50";"10";-1,716;1;1;-0,177607470917905;"1"
"50";"11";-1,716;1;2;0,00287138682588424;"1"
"50";"12";-1,716;1;1;-0,772607038253913;"1"
"50";"13";-1,716;1;2;0,804488318213312;"1"
"50";"14";-1,716;1;1;0,643085605057639;"1"
"50";"15";-1,716;1;2;0,431798310833227;"0"
"50";"16";-1,716;1;1;-0,151568126406846;"0"
"50";"17";-1,716;1;2;-0,727772032405222;"0"
"50";"18";-1,716;1;1;-0,214614334596163;"0"
"50";"19";-1,716;1;2;0,0502983410552569;"0"
"50";"20";-1,716;1;1;-0,33162041595318;"0"
"51";"1";1,284;2;2;-0,641072034339177;"1"
"51";"2";1,284;2;1;-0,966801418788998;"0"
"51";"3";1,284;2;2;0,047046065898271;"0"
"51";"4";1,284;2;1;-0,511877220074769;"0"
"51";"5";1,284;2;2;-0,222999368070196;"1"
"51";"6";1,284;2;1;0,783041006327456;"1"
"51";"7";1,284;2;2;0,943537537144964;"0"
"51";"8";1,284;2;1;1,43693983898661;"1"
"51";"9";1,284;2;2;0,215568846316245;"1"
"51";"10";1,284;2;1;-0,25966846441659;"0"
"51";"11";1,284;2;2;0,958395567824458;"1"
"51";"12";1,284;2;1;-0,105272445797203;"1"
"51";"13";1,284;2;2;0,264339627191838;"0"
"51";"14";1,284;2;1;-0,0512332525187806;"1"
"51";"15";1,284;2;2;1,35856512431607;"0"
"51";"16";1,284;2;1;0,493837523592008;"1"
"51";"17";1,284;2;2;0,404130368141872;"1"
"51";"18";1,284;2;1;-0,732052525092284;"1"
"51";"19";1,284;2;2;-0,18784719951298;"0"
"51";"20";1,284;2;1;-0,459576262873382;"0"
"52";"1";-1,116;1;2;-0,555829506542909;"0"
"52";"2";-1,116;1;1;-1,51474038054779;"0"
"52";"3";-1,116;1;2;-1,02159777819062;"0"
"52";"4";-1,116;1;1;0,274349353439191;"1"
"52";"5";-1,116;1;2;-0,648692647493183;"1"
"52";"6";-1,116;1;1;-0,0237213715979918;"0"
"52";"7";-1,116;1;2;0,820478067676019;"1"
"52";"8";-1,116;1;1;-0,47430465377173;"0"
"52";"9";-1,116;1;2;0,23312331840723;"1"
"52";"10";-1,116;1;1;-0,74696450479375;"0"
"52";"11";-1,116;1;2;-0,0252777493869988;"1"
"52";"12";-1,116;1;1;-0,615526743131361;"0"
"52";"13";-1,116;1;2;-0,956531959574006;"1"
"52";"14";-1,116;1;1;-0,2347525891135;"0"
"52";"15";-1,116;1;2;-0,387237638643682;"1"
"52";"16";-1,116;1;1;0,129439359887311;"1"
"52";"17";-1,116;1;2;-0,796499504717238;"1"
"52";"18";-1,116;1;1;-0,191036561560646;"0"
"52";"19";-1,116;1;2;-0,29985811165383;"1"
"52";"20";-1,116;1;1;-0,421875838742137;"0"
"53";"1";1,384;2;2;-0,120477300642124;"1"
"53";"2";1,384;2;1;0,659136710272151;"0"
"53";"3";1,384;2;2;0,770608213820514;"1"
"53";"4";1,384;2;1;0,956329112772418;"1"
"53";"5";1,384;2;2;-0,603332994667077;"1"
"53";"6";1,384;2;1;-0,00397625490701191;"0"
"53";"7";1,384;2;2;0,933195968898413;"1"
"53";"8";1,384;2;1;0,89583356953979;"0"
"53";"9";1,384;2;2;-0,624333360604838;"0"
"53";"10";1,384;2;1;-0,271911187288237;"0"
"53";"11";1,384;2;2;-0,459934563784769;"0"
"53";"12";1,384;2;1;0,301576693053408;"1"
"53";"13";1,384;2;2;0,705157600640337;"1"
"53";"14";1,384;2;1;0,874665638636233;"1"
"53";"15";1,384;2;2;0,191164744709011;"0"
"53";"16";1,384;2;1;-0,368352362107365;"0"
"53";"17";1,384;2;2;1,36297942439885;"1"
"53";"18";1,384;2;1;-0,256357650742765;"1"
"53";"19";1,384;2;2;0,859925928430358;"1"
"53";"20";1,384;2;1;0,2674237386707;"0"
"54";"1";-1,816;1;2;-1,60125240143077;"0"
"54";"2";-1,816;1;1;-1,16058840549303;"0"
"54";"3";-1,816;1;2;-0,313424708245745;"1"
"54";"4";-1,816;1;1;-1,55532238361997;"0"
"54";"5";-1,816;1;2;-0,981721084124054;"0"
"54";"6";-1,816;1;1;-0,479080714917356;"0"
"54";"7";-1,816;1;2;-1,58152311006097;"1"
"54";"8";-1,816;1;1;-0,962792106380701;"0"
"54";"9";-1,816;1;2;-1,31684955346706;"0"
"54";"10";-1,816;1;1;-1,22362172789651;"0"
"54";"11";-1,816;1;2;-1,11980413151029;"0"
"54";"12";-1,816;1;1;-0,530102600590008;"0"
"54";"13";-1,816;1;2;-1,21665232553537;"0"
"54";"14";-1,816;1;1;-0,489477588164814;"0"
"54";"15";-1,816;1;2;-0,552825021831456;"0"
"54";"16";-1,816;1;1;-1,33822209588308;"0"
"54";"17";-1,816;1;2;-0,514868104264958;"1"
"54";"18";-1,816;1;1;-0,489724899165466;"0"
"54";"19";-1,816;1;2;-0,334748186205668;"0"
"54";"20";-1,816;1;1;-0,666577064882712;"0"
"55";"1";2,184;2;2;0,483823812537429;"1"
"55";"2";2,184;2;1;0,026656958532964;"0"
"55";"3";2,184;2;2;0,715473115713317;"0"
"55";"4";2,184;2;1;1,19596892305008;"1"
"55";"5";2,184;2;2;2,32826769687704;"1"
"55";"6";2,184;2;1;0,0434725236867468;"1"
"55";"7";2,184;2;2;0,016563253372175;"0"
"55";"8";2,184;2;1;0,548567580682549;"0"
"55";"9";2,184;2;2;0,590455404609861;"1"
"55";"10";2,184;2;1;0,181906050308757;"0"
"55";"11";2,184;2;2;0,832206103334629;"0"
"55";"12";2,184;2;1;0,131441627046608;"0"
"55";"13";2,184;2;2;1,34373426008584;"1"
"55";"14";2,184;2;1;-0,0568726332305091;"0"
"55";"15";2,184;2;2;0,287493665601255;"0"
"55";"16";2,184;2;1;-0,532957322768169;"0"
"55";"17";2,184;2;2;-0,405650747725224;"0"
"55";"18";2,184;2;1;0,651773376779564;"1"
"55";"19";2,184;2;2;0,744106485252479;"0"
"55";"20";2,184;2;1;-0,0461981977861653;"0"
"56";"1";-0,316;1;2;-0,362187225467139;"0"
"56";"2";-0,316;1;1;-0,461286527693164;"1"
"56";"3";-0,316;1;2;0,889452668990733;"1"
"56";"4";-0,316;1;1;-2,36238206012475;"0"
"56";"5";-0,316;1;2;-0,498664395074105;"0"
"56";"6";-0,316;1;1;-0,532121117326647;"0"
"56";"7";-0,316;1;2;-1,20824881422737;"0"
"56";"8";-0,316;1;1;-0,474694522668939;"0"
"56";"9";-0,316;1;2;-0,173100117807005;"0"
"56";"10";-0,316;1;1;-0,360171315994773;"0"
"56";"11";-0,316;1;2;-0,865155014699723;"0"
"56";"12";-0,316;1;1;-1,03553861413124;"1"
"56";"13";-0,316;1;2;-1,56892050513399;"0"
"56";"14";-0,316;1;1;0,0805290084470914;"1"
"56";"15";-0,316;1;2;-1,05716798112451;"0"
"56";"16";-0,316;1;1;-0,557878027876385;"1"
"56";"17";-0,316;1;2;-1,78242851513201;"0"
"56";"18";-0,316;1;1;-0,538679079525384;"0"
"56";"19";-0,316;1;2;-0,933152654469933;"0"
"56";"20";-0,316;1;1;-0,334268959997381;"1"
"57";"1";1,884;2;2;-0,49016864887522;"0"
"57";"2";1,884;2;1;0,680627748348804;"1"
"57";"3";1,884;2;2;0,280698619197462;"1"
"57";"4";1,884;2;1;0,223993572023858;"1"
"57";"5";1,884;2;2;-0,0277152450024672;"1"
"57";"6";1,884;2;1;-0,182893101973817;"0"
"57";"7";1,884;2;2;0,0574446679912571;"1"
"57";"8";1,884;2;1;-0,277032933940091;"0"
"57";"9";1,884;2;2;0,0495315486984463;"1"
"57";"10";1,884;2;1;0,322242723634218;"1"
"57";"11";1,884;2;2;1,27437084288213;"1"
"57";"12";1,884;2;1;0,0900401526185069;"0"
"57";"13";1,884;2;2;1,01337929751474;"1"
"57";"14";1,884;2;1;1,24203438684458;"0"
"57";"15";1,884;2;2;0,181824944133143;"0"
"57";"16";1,884;2;1;-0,732136477402908;"0"
"57";"17";1,884;2;2;0,772972651719088;"0"
"57";"18";1,884;2;1;0,0786608831895275;"0"
"57";"19";1,884;2;2;-0,304422719548532;"0"
"57";"20";1,884;2;1;0,0849580713543545;"1"
"58";"1";0,084;1;2;-1,09796533607121;"1"
"58";"2";0,084;1;1;-1,98715418123711;"0"
"58";"3";0,084;1;2;-0,343401566168996;"0"
"58";"4";0,084;1;1;-1,16227412324043;"0"
"58";"5";0,084;1;2;-1,41646920047356;"1"
"58";"6";0,084;1;1;-1,16610004011082;"0"
"58";"7";0,084;1;2;-1,1716832889914;"0"
"58";"8";0,084;1;1;-1,64449523367649;"0"
"58";"9";0,084;1;2;-0,908182777285937;"0"
"58";"10";0,084;1;1;-0,463166119815808;"1"
"58";"11";0,084;1;2;-0,696827609014613;"0"
"58";"12";0,084;1;1;-1,34052796077326;"0"
"58";"13";0,084;1;2;-1,69181593612032;"0"
"58";"14";0,084;1;1;-0,782179410713537;"0"
"58";"15";0,084;1;2;-0,120425432234178;"1"
"58";"16";0,084;1;1;-0,665272335264519;"0"
"58";"17";0,084;1;2;-1,16337100297539;"0"
"58";"18";0,084;1;1;-0,712691223974123;"0"
"58";"19";0,084;1;2;-1,11454000241;"0"
"58";"20";0,084;1;1;-1,62697833418581;"0"
"59";"1";-4,316;2;2;2,18668729679491;"1"
"59";"2";-4,316;2;1;3,11390965696531;"1"
"59";"3";-4,316;2;2;2,49165310562975;"1"
"59";"4";-4,316;2;1;2,03507381250789;"0"
"59";"5";-4,316;2;2;1,48401284591631;"1"
"59";"6";-4,316;2;1;1,67482678711508;"1"
"59";"7";-4,316;2;2;2,63743336491612;"1"
"59";"8";-4,316;2;1;1,76845409537339;"0"
"59";"9";-4,316;2;2;1,98023436631551;"1"
"59";"10";-4,316;2;1;1,70605120088111;"1"
"59";"11";-4,316;2;2;2,0293691881816;"1"
"59";"12";-4,316;2;1;2,56286844148708;"1"
"59";"13";-4,316;2;2;1,5852944681768;"1"
"59";"14";-4,316;2;1;2,40736132379181;"1"
"59";"15";-4,316;2;2;2,34819927167552;"1"
"59";"16";-4,316;2;1;1,58269280348057;"1"
"59";"17";-4,316;2;2;2,36076943462574;"1"
"59";"18";-4,316;2;1;1,49300761632012;"1"
"59";"19";-4,316;2;2;2,92779671498591;"1"
"59";"20";-4,316;2;1;2,67188672034405;"1"
"60";"1";-0,616;1;2;-0,401681153334308;"1"
"60";"2";-0,616;1;1;-1,09301278764804;"1"
"60";"3";-0,616;1;2;-0,360316536073575;"1"
"60";"4";-0,616;1;1;-0,329534956934132;"1"
"60";"5";-0,616;1;2;-0,725132939192427;"0"
"60";"6";-0,616;1;1;0,356385474544655;"1"
"60";"7";-0,616;1;2;-1,42175860130568;"1"
"60";"8";-0,616;1;1;-0,463001829884366;"1"
"60";"9";-0,616;1;2;-1,74308616565648;"0"
"60";"10";-0,616;1;1;-1,58738042677904;"0"
"60";"11";-0,616;1;2;-0,536741678092698;"0"
"60";"12";-0,616;1;1;-1,51131848374385;"0"
"60";"13";-0,616;1;2;-0,0845216170601946;"1"
"60";"14";-0,616;1;1;-0,637543782895479;"0"
"60";"15";-0,616;1;2;0,213493536322482;"1"
"60";"16";-0,616;1;1;-1,59495939178857;"0"
"60";"17";-0,616;1;2;-0,133432344019929;"0"
"60";"18";-0,616;1;1;-0,845186044823899;"0"
"60";"19";-0,616;1;2;-0,953378387033033;"1"
"60";"20";-0,616;1;1;-0,732552655739254;"0"
"61";"1";1,684;2;2;-0,255280221055578;"1"
"61";"2";1,684;2;1;0,474820359784113;"1"
"61";"3";1,684;2;2;0,667671782123565;"1"
"61";"4";1,684;2;1;-0,756785341540619;"0"
"61";"5";1,684;2;2;0,820857701316868;"1"
"61";"6";1,684;2;1;0,463454117987329;"0"
"61";"7";1,684;2;2;1,53078330328171;"1"
"61";"8";1,684;2;1;0,161762977733973;"0"
"61";"9";1,684;2;2;1,37858741671316;"1"
"61";"10";1,684;2;1;0,846199889761758;"0"
"61";"11";1,684;2;2;0,242559142370841;"0"
"61";"12";1,684;2;1;-0,804119968208552;"0"
"61";"13";1,684;2;2;1,31768395291154;"0"
"61";"14";1,684;2;1;1,34503617062391;"1"
"61";"15";1,684;2;2;0,699604651066915;"1"
"61";"16";1,684;2;1;-0,622656991879573;"0"
"61";"17";1,684;2;2;0,754579208610816;"1"
"61";"18";1,684;2;1;-0,279686219459554;"1"
"61";"19";1,684;2;2;0,138124455587706;"1"
"61";"20";1,684;2;1;0,767826667129392;"0"
"62";"1";0,084;1;2;-0,805995071544708;"1"
"62";"2";0,084;1;1;-1,31689960300996;"1"
"62";"3";0,084;1;2;0,074811774826942;"0"
"62";"4";0,084;1;1;-1,11181987276158;"1"
"62";"5";0,084;1;2;0,688531646336271;"0"
"62";"6";0,084;1;1;-1,14549912982333;"0"
"62";"7";0,084;1;2;-0,267005704373376;"0"
"62";"8";0,084;1;1;-0,29643126594635;"0"
"62";"9";0,084;1;2;0,119659765938094;"0"
"62";"10";0,084;1;1;-0,705270797391086;"0"
"62";"11";0,084;1;2;-0,415568289018909;"0"
"62";"12";0,084;1;1;-1,24170369895619;"0"
"62";"13";0,084;1;2;-1,21750166890711;"0"
"62";"14";0,084;1;1;-0,689138716329912;"0"
"62";"15";0,084;1;2;-0,788800701604868;"0"
"62";"16";0,084;1;1;-0,555061414993977;"0"
"62";"17";0,084;1;2;-0,0483895747686969;"1"
"62";"18";0,084;1;1;-1,30909572778913;"0"
"62";"19";0,084;1;2;-0,653504595316266;"0"
"62";"20";0,084;1;1;-1,13768638584248;"1"
"63";"1";1,384;2;2;-0,699763338753075;"0"
"63";"2";1,384;2;1;0,0666005127240281;"0"
"63";"3";1,384;2;2;-0,235904158695511;"1"
"63";"4";1,384;2;1;0,499426307011967;"0"
"63";"5";1,384;2;2;0,184812021498896;"0"
"63";"6";1,384;2;1;-0,635601944334553;"0"
"63";"7";1,384;2;2;0,507639646653088;"0"
"63";"8";1,384;2;1;-0,299356015302904;"1"
"63";"9";1,384;2;2;1,17085701388394;"1"
"63";"10";1,384;2;1;-0,420547030150776;"0"
"63";"11";1,384;2;2;-0,0297108999706797;"1"
"63";"12";1,384;2;1;0,0610567888481526;"0"
"63";"13";1,384;2;2;-0,918885535125281;"0"
"63";"14";1,384;2;1;0,409269786625542;"1"
"63";"15";1,384;2;2;0,527624752290797;"1"
"63";"16";1,384;2;1;-0,28646265046679;"1"
"63";"17";1,384;2;2;0,0467456810612788;"0"
"63";"18";1,384;2;1;0,0592097775617954;"0"
"63";"19";1,384;2;2;0,420785317448754;"0"
"63";"20";1,384;2;1;0,153123949155436;"0"
"64";"1";1,784;1;2;-0,736401263749066;"0"
"64";"2";1,784;1;1;-0,480360744839252;"0"
"64";"3";1,784;1;2;-0,876934379382944;"1"
"64";"4";1,784;1;1;-0,257850008554692;"0"
"64";"5";1,784;1;2;0,0817490096802386;"0"
"64";"6";1,784;1;1;0,204784375109799;"1"
"64";"7";1,784;1;2;-0,708932927386758;"0"
"64";"8";1,784;1;1;-0,133395684454768;"1"
"64";"9";1,784;1;2;0,268384818178827;"1"
"64";"10";1,784;1;1;0,072442715478528;"0"
"64";"11";1,784;1;2;0,299709719082227;"0"
"64";"12";1,784;1;1;0,63800523043488;"1"
"64";"13";1,784;1;2;-0,398547707588918;"0"
"64";"14";1,784;1;1;-0,692679752076393;"0"
"64";"15";1,784;1;2;-0,4364645718443;"0"
"64";"16";1,784;1;1;-0,0898670865340461;"1"
"64";"17";1,784;1;2;0,841864434573488;"1"
"64";"18";1,784;1;1;-1,33876333302823;"0"
"64";"19";1,784;1;2;0,434555542743614;"1"
"64";"20";1,784;1;1;0,14572633077189;"1"
"65";"1";0,484;2;2;-0,0437739587877683;"1"
"65";"2";0,484;2;1;-0,782402198565996;"0"
"65";"3";0,484;2;2;0,118447966638319;"0"
"65";"4";0,484;2;1;0,684286471244639;"1"
"65";"5";0,484;2;2;0,35581923545631;"1"
"65";"6";0,484;2;1;-1,4120433654652;"0"
"65";"7";0,484;2;2;-0,123320780572374;"1"
"65";"8";0,484;2;1;0,685028694591339;"1"
"65";"9";0,484;2;2;-1,05406258451286;"0"
"65";"10";0,484;2;1;-0,372947982610172;"0"
"65";"11";0,484;2;2;-0,422422054238591;"0"
"65";"12";0,484;2;1;-1,08628128495605;"0"
"65";"13";0,484;2;2;-0,360128597823005;"0"
"65";"14";0,484;2;1;0,603883143572686;"0"
"65";"15";0,484;2;2;0,581945560074468;"0"
"65";"16";0,484;2;1;-0,251571050816441;"1"
"65";"17";0,484;2;2;0,611579316940891;"1"
"65";"18";0,484;2;1;-0,627653928046603;"1"
"65";"19";0,484;2;2;-0,907575832692049;"0"
"65";"20";0,484;2;1;0,356601158352232;"0"
"66";"1";0,984;1;2;-0,0560659756967886;"0"
"66";"2";0,984;1;1;-0,00179424634561828;"1"
"66";"3";0,984;1;2;-0,253494173168872;"0"
"66";"4";0,984;1;1;-0,834006283443664;"1"
"66";"5";0,984;1;2;-0,813471339987781;"0"
"66";"6";0,984;1;1;-1,00819510941396;"0"
"66";"7";0,984;1;2;-0,301119909606571;"1"
"66";"8";0,984;1;1;-0,552510870295521;"1"
"66";"9";0,984;1;2;-0,0603925948163351;"1"
"66";"10";0,984;1;1;-0,110253290804678;"0"
"66";"11";0,984;1;2;-0,803854905178697;"0"
"66";"12";0,984;1;1;-0,879142134848062;"1"
"66";"13";0,984;1;2;-0,195632158980058;"1"
"66";"14";0,984;1;1;0,563787640544894;"1"
"66";"15";0,984;1;2;0,756513690547504;"1"
"66";"16";0,984;1;1;-1,5303491401999;"0"
"66";"17";0,984;1;2;-0,518716876480381;"1"
"66";"18";0,984;1;1;-0,501647767483485;"1"
"66";"19";0,984;1;2;-0,637689110193361;"0"
"66";"20";0,984;1;1;0,299457545988675;"1"
"67";"1";0,284;2;2;-0,238116258967119;"0"
"67";"2";0,284;2;1;-1,81008973942354;"0"
"67";"3";0,284;2;2;-0,883538495396112;"1"
"67";"4";0,284;2;1;-0,869484676944135;"0"
"67";"5";0,284;2;2;-1,96078892161001;"0"
"67";"6";0,284;2;1;-0,492995843474505;"1"
"67";"7";0,284;2;2;-0,538486106975288;"1"
"67";"8";0,284;2;1;-0,577326889739644;"0"
"67";"9";0,284;2;2;-1,02040602671547;"1"
"67";"10";0,284;2;1;-0,0580838549549189;"1"
"67";"11";0,284;2;2;-1,49248956042701;"1"
"67";"12";0,284;2;1;-1,80668714129818;"0"
"67";"13";0,284;2;2;-0,267374910192677;"0"
"67";"14";0,284;2;1;0,313286404878217;"1"
"67";"15";0,284;2;2;-0,171919564702354;"0"
"67";"16";0,284;2;1;-1,27447997034498;"0"
"67";"17";0,284;2;2;0,238141923887662;"0"
"67";"18";0,284;2;1;-1,79237944904673;"0"
"67";"19";0,284;2;2;-1,64667669634356;"0"
"67";"20";0,284;2;1;-1,00748895803409;"0"
"68";"1";-0,416;1;2;-0,911544749326665;"0"
"68";"2";-0,416;1;1;-1,52416781959118;"0"
"68";"3";-0,416;1;2;0,128160404786479;"0"
"68";"4";-0,416;1;1;-0,395163939139982;"0"
"68";"5";-0,416;1;2;-0,21764080538493;"0"
"68";"6";-0,416;1;1;-0,578587730248332;"0"
"68";"7";-0,416;1;2;-0,58843247508907;"1"
"68";"8";-0,416;1;1;-1,09711889979715;"0"
"68";"9";-0,416;1;2;-1,51963547928392;"0"
"68";"10";-0,416;1;1;-0,707470453544831;"0"
"68";"11";-0,416;1;2;-0,356906430911305;"0"
"68";"12";-0,416;1;1;-0,786711640090956;"0"
"68";"13";-0,416;1;2;-0,904542390111863;"0"
"68";"14";-0,416;1;1;-0,839404464932777;"0"
"68";"15";-0,416;1;2;-1,11802794148276;"0"
"68";"16";-0,416;1;1;-1,48674876278778;"0"
"68";"17";-0,416;1;2;-0,0803494341949344;"0"
"68";"18";-0,416;1;1;-0,712942975084589;"0"
"68";"19";-0,416;1;2;-0,805769748616783;"0"
"68";"20";-0,416;1;1;-1,21615671269904;"0"
"69";"1";1,184;2;2;-0,634966490842804;"1"
"69";"2";1,184;2;1;-0,0665761614390042;"1"
"69";"3";1,184;2;2;0,977675329149401;"0"
"69";"4";1,184;2;1;0,460574771486049;"0"
"69";"5";1,184;2;2;-0,970846557680892;"1"
"69";"6";1,184;2;1;-1,15988883097365;"0"
"69";"7";1,184;2;2;-0,0453728531638399;"1"
"69";"8";1,184;2;1;-0,349014443737908;"0"
"69";"9";1,184;2;2;-0,125969815355579;"0"
"69";"10";1,184;2;1;-0,258053787076;"0"
"69";"11";1,184;2;2;-0,357845731923431;"1"
"69";"12";1,184;2;1;-1,04031760706116;"1"
"69";"13";1,184;2;2;-0,933050519234495;"0"
"69";"14";1,184;2;1;-0,398920899578173;"0"
"69";"15";1,184;2;2;1,05224061997869;"0"
"69";"16";1,184;2;1;-0,539140133361206;"0"
"69";"17";1,184;2;2;-0,00713385087380955;"1"
"69";"18";1,184;2;1;-0,316778431131075;"1"
"69";"19";1,184;2;2;0,0794006970832009;"1"
"69";"20";1,184;2;1;-0,0131523861170645;"1"
"70";"1";-1,716;1;2;-0,596701716980164;"0"
"70";"2";-1,716;1;1;-0,616332177336656;"0"
"70";"3";-1,716;1;2;-1,08606714218061;"0"
"70";"4";-1,716;1;1;-0,215049423490904;"0"
"70";"5";-1,716;1;2;0,0869492785030955;"1"
"70";"6";-1,716;1;1;0,124113882052294;"1"
"70";"7";-1,716;1;2;0,273291422781606;"1"
"70";"8";-1,716;1;1;0,302809163728229;"1"
"70";"9";-1,716;1;2;-0,626847083501926;"0"
"70";"10";-1,716;1;1;-0,365333927679317;"1"
"70";"11";-1,716;1;2;-0,273781346786862;"0"
"70";"12";-1,716;1;1;-0,0651008210846478;"1"
"70";"13";-1,716;1;2;-0,453772697856757;"0"
"70";"14";-1,716;1;1;-0,604195644534266;"0"
"70";"15";-1,716;1;2;-0,957946208821615;"0"
"70";"16";-1,716;1;1;-1,15325467555267;"0"
"70";"17";-1,716;1;2;-0,595493610280086;"0"
"70";"18";-1,716;1;1;-0,31792070408642;"0"
"70";"19";-1,716;1;2;-0,815931124200924;"0"
"70";"20";-1,716;1;1;-0,342857043199181;"0"
"71";"1";1,984;2;2;0,38493122425311;"0"
"71";"2";1,984;2;1;0,734875142556309;"0"
"71";"3";1,984;2;2;0,611977489793628;"0"
"71";"4";1,984;2;1;0,950136350685553;"1"
"71";"5";1,984;2;2;0,75427014995897;"1"
"71";"6";1,984;2;1;-0,128228282163741;"1"
"71";"7";1,984;2;2;0,834281183552784;"1"
"71";"8";1,984;2;1;0,166913262177511;"1"
"71";"9";1,984;2;2;0,671444354742606;"1"
"71";"10";1,984;2;1;2,16103357177265;"1"
"71";"11";1,984;2;2;0,539513720967189;"0"
"71";"12";1,984;2;1;1,48431378214045;"1"
"71";"13";1,984;2;2;0,683739092743616;"1"
"71";"14";1,984;2;1;-0,0253067909116995;"0"
"71";"15";1,984;2;2;1,41954891968925;"0"
"71";"16";1,984;2;1;-0,0450872204681521;"1"
"71";"17";1,984;2;2;0,845867809691116;"1"
"71";"18";1,984;2;1;1,12288261152432;"1"
"71";"19";1,984;2;2;0,966206391093068;"0"
"71";"20";1,984;2;1;2,22234904212294;"1"
"72";"1";-1,116;1;2;-1,30833399595884;"1"
"72";"2";-1,116;1;1;-1,48812129275644;"0"
"72";"3";-1,116;1;2;-0,37689038015788;"0"
"72";"4";-1,116;1;1;-2,02047094356659;"1"
"72";"5";-1,116;1;2;-0,531377240007898;"1"
"72";"6";-1,116;1;1;-0,757889474479816;"0"
"72";"7";-1,116;1;2;-0,679424284770911;"0"
"72";"8";-1,116;1;1;-0,29321358862551;"0"
"72";"9";-1,116;1;2;-0,546332716321134;"0"
"72";"10";-1,116;1;1;-1,28807611122399;"0"
"72";"11";-1,116;1;2;-1,00111276746059;"1"
"72";"12";-1,116;1;1;-1,71635630633441;"1"
"72";"13";-1,116;1;2;-0,337535781671738;"0"
"72";"14";-1,116;1;1;-0,628109022684401;"0"
"72";"15";-1,116;1;2;-0,290952126321542;"1"
"72";"16";-1,116;1;1;-1,59462763141973;"0"
"72";"17";-1,116;1;2;-0,320926598691357;"0"
"72";"18";-1,116;1;1;-0,449872499602411;"1"
"72";"19";-1,116;1;2;-1,74125812229935;"1"
"72";"20";-1,116;1;1;-1,42100383187124;"0"
"73";"1";0,984;2;2;-1,19131886571727;"0"
"73";"2";0,984;2;1;-0,794232275373976;"0"
"73";"3";0,984;2;2;-0,217148235266687;"0"
"73";"4";0,984;2;1;-0,31699252035717;"0"
"73";"5";0,984;2;2;-0,388975078007407;"0"
"73";"6";0,984;2;1;0,406484728755452;"0"
"73";"7";0,984;2;2;0,281285942836863;"1"
"73";"8";0,984;2;1;0,266753128295072;"1"
"73";"9";0,984;2;2;0,0117367480009061;"0"
"73";"10";0,984;2;1;0,156995290735037;"0"
"73";"11";0,984;2;2;-0,348519718883098;"1"
"73";"12";0,984;2;1;-0,39931938177795;"1"
"73";"13";0,984;2;2;0,0168911798768078;"1"
"73";"14";0,984;2;1;-0,0269230838846766;"1"
"73";"15";0,984;2;2;0,325266131858458;"0"
"73";"16";0,984;2;1;0,359166063278463;"0"
"73";"17";0,984;2;2;-0,170631038440736;"0"
"73";"18";0,984;2;1;0,282044463761045;"1"
"73";"19";0,984;2;2;-0,217912783593946;"1"
"73";"20";0,984;2;1;-0,131601913127381;"0"
"74";"1";-1,316;1;2;-0,408085330386409;"0"
"74";"2";-1,316;1;1;-0,112309820660278;"1"
"74";"3";-1,316;1;2;0,0426923155185751;"1"
"74";"4";-1,316;1;1;-1,51330742080135;"0"
"74";"5";-1,316;1;2;-0,204159551503539;"1"
"74";"6";-1,316;1;1;-0,362592004570456;"0"
"74";"7";-1,316;1;2;0,26499874849279;"1"
"74";"8";-1,316;1;1;-1,92498720201778;"1"
"74";"9";-1,316;1;2;-0,347349336865911;"0"
"74";"10";-1,316;1;1;-0,871064131130713;"0"
"74";"11";-1,316;1;2;-0,0194393642316096;"0"
"74";"12";-1,316;1;1;-0,714296246854102;"1"
"74";"13";-1,316;1;2;-0,96165029664799;"0"
"74";"14";-1,316;1;1;-0,497926826625562;"0"
"74";"15";-1,316;1;2;-0,178523348848974;"1"
"74";"16";-1,316;1;1;-0,312743400118959;"1"
"74";"17";-1,316;1;2;-0,932981529806271;"1"
"74";"18";-1,316;1;1;-1,0070275013469;"0"
"74";"19";-1,316;1;2;-0,127828886071461;"0"
"74";"20";-1,316;1;1;-0,675134871238597;"0"
"75";"1";0,384;2;2;-0,117977008595366;"0"
"75";"2";0,384;2;1;-0,447543746824838;"0"
"75";"3";0,384;2;2;-0,00384649249555376;"1"
"75";"4";0,384;2;1;-1,34026632079035;"0"
"75";"5";0,384;2;2;-1,09120663636129;"0"
"75";"6";0,384;2;1;-0,346325533228369;"0"
"75";"7";0,384;2;2;-0,0551650721802803;"0"
"75";"8";0,384;2;1;0,379616460679834;"1"
"75";"9";0,384;2;2;-0,220214339437414;"0"
"75";"10";0,384;2;1;-0,668479310240789;"1"
"75";"11";0,384;2;2;0,305265428734242;"0"
"75";"12";0,384;2;1;-1,53926113417971;"0"
"75";"13";0,384;2;2;-0,765716043270265;"0"
"75";"14";0,384;2;1;-0,423246234861506;"1"
"75";"15";0,384;2;2;-0,187337036657171;"0"
"75";"16";0,384;2;1;-0,557543356673984;"1"
"75";"17";0,384;2;2;-0,965885678979173;"0"
"75";"18";0,384;2;1;-0,142831204930627;"0"
"75";"19";0,384;2;2;-0,409676350934779;"0"
"75";"20";0,384;2;1;-0,416035559140373;"0"
"76";"1";-1,216;1;2;-1,08484559365077;"1"
"76";"2";-1,216;1;1;-1,09703991376427;"1"
"76";"3";-1,216;1;2;0,175935513039977;"0"
"76";"4";-1,216;1;1;-1,36498686200967;"0"
"76";"5";-1,216;1;2;-0,532736947079684;"0"
"76";"6";-1,216;1;1;-0,193381765750044;"1"
"76";"7";-1,216;1;2;-0,384158964315669;"1"
"76";"8";-1,216;1;1;-0,831585528237171;"1"
"76";"9";-1,216;1;2;-1,048729961724;"0"
"76";"10";-1,216;1;1;-0,549621647588543;"1"
"76";"11";-1,216;1;2;-0,712238084593411;"1"
"76";"12";-1,216;1;1;-0,287453218482603;"0"
"76";"13";-1,216;1;2;-1,55580461167573;"0"
"76";"14";-1,216;1;1;-1,09293770310482;"0"
"76";"15";-1,216;1;2;-1,02252257838356;"0"
"76";"16";-1,216;1;1;-1,35042968235395;"0"
"76";"17";-1,216;1;2;-0,0486227887059176;"1"
"76";"18";-1,216;1;1;-0,0840582823537539;"0"
"76";"19";-1,216;1;2;-1,11753695362528;"1"
"76";"20";-1,216;1;1;-0,377352077067396;"1"
"77";"1";-0,616;2;2;-1,20153569131742;"0"
"77";"2";-0,616;2;1;-1,49957402569511;"1"
"77";"3";-0,616;2;2;-0,306607823981914;"1"
"77";"4";-0,616;2;1;0,635995149752346;"0"
"77";"5";-0,616;2;2;-0,485461489157748;"1"
"77";"6";-0,616;2;1;-0,184464128249277;"1"
"77";"7";-0,616;2;2;-0,502244001487302;"0"
"77";"8";-0,616;2;1;0,460048723364781;"1"
"77";"9";-0,616;2;2;-0,5640521205793;"0"
"77";"10";-0,616;2;1;0,558449940832898;"0"
"77";"11";-0,616;2;2;-0,699687515293936;"1"
"77";"12";-0,616;2;1;-0,307150045889129;"1"
"77";"13";-0,616;2;2;-1,18025583722398;"0"
"77";"14";-0,616;2;1;0,606655611688572;"0"
"77";"15";-0,616;2;2;-0,622416983804212;"1"
"77";"16";-0,616;2;1;-0,133506684844903;"1"
"77";"17";-0,616;2;2;0,249866175501502;"1"
"77";"18";-0,616;2;1;-0,947159329805545;"0"
"77";"19";-0,616;2;2;-0,591264438097325;"0"
"77";"20";-0,616;2;1;-0,783666222904064;"0"
"78";"1";2,784;1;2;1,48999704436144;"1"
"78";"2";2,784;1;1;1,19406918885159;"0"
"78";"3";2,784;1;2;1,28492020826412;"1"
"78";"4";2,784;1;1;0,865222325845932;"1"
"78";"5";2,784;1;2;1,75153841618526;"1"
"78";"6";2,784;1;1;0,713549815343492;"1"
"78";"7";2,784;1;2;1,94763652385391;"1"
"78";"8";2,784;1;1;2,15835534471969;"1"
"78";"9";2,784;1;2;1,33705395593602;"1"
"78";"10";2,784;1;1;0,321481752584659;"0"
"78";"11";2,784;1;2;1,12443914669721;"1"
"78";"12";2,784;1;1;1,8679519787961;"1"
"78";"13";2,784;1;2;0,115351761325674;"1"
"78";"14";2,784;1;1;1,58181594871096;"1"
"78";"15";2,784;1;2;1,07434991196663;"1"
"78";"16";2,784;1;1;1,79897167941055;"1"
"78";"17";2,784;1;2;1,50716274423624;"0"
"78";"18";2,784;1;1;1,02402872337709;"1"
"78";"19";2,784;1;2;1,07951892060274;"1"
"78";"20";2,784;1;1;1,49384246878123;"0"
"79";"1";0,184;2;2;-2,20150192819673;"0"
"79";"2";0,184;2;1;-1,50312840360473;"0"
"79";"3";0,184;2;2;-1,05234535723939;"0"
"79";"4";0,184;2;1;-1,63511445931253;"0"
"79";"5";0,184;2;2;-0,832281622069589;"0"
"79";"6";0,184;2;1;-1,45933282457733;"0"
"79";"7";0,184;2;2;-1,08795971452793;"0"
"79";"8";0,184;2;1;-1,30246959020943;"1"
"79";"9";0,184;2;2;-0,619165778972856;"1"
"79";"10";0,184;2;1;-0,300308997451027;"0"
"79";"11";0,184;2;2;-0,864645702396036;"1"
"79";"12";0,184;2;1;-2,58252451686954;"0"
"79";"13";0,184;2;2;-0,714928730293594;"0"
"79";"14";0,184;2;1;-0,767683972114393;"0"
"79";"15";0,184;2;2;-1,01478406702921;"0"
"79";"16";0,184;2;1;-1,30270474504573;"0"
"79";"17";0,184;2;2;-1,22085644547412;"0"
"79";"18";0,184;2;1;-1,31355422026201;"0"
"79";"19";0,184;2;2;-0,142642636001741;"0"
"79";"20";0,184;2;1;-1,03911102983059;"0"
"80";"1";-1,016;1;2;-0,404261631584632;"0"
"80";"2";-1,016;1;1;-0,601466486090515;"1"
"80";"3";-1,016;1;2;-0,256757584197643;"0"
"80";"4";-1,016;1;1;-0,368163261389688;"0"
"80";"5";-1,016;1;2;-0,477149008616974;"1"
"80";"6";-1,016;1;1;-0,140032568138899;"0"
"80";"7";-1,016;1;2;-0,371477934169611;"0"
"80";"8";-1,016;1;1;-0,643545664327786;"0"
"80";"9";-1,016;1;2;-0,214331415473659;"1"
"80";"10";-1,016;1;1;-0,89871016008759;"1"
"80";"11";-1,016;1;2;0,115773929874225;"0"
"80";"12";-1,016;1;1;-0,104969424303243;"0"
"80";"13";-1,016;1;2;-0,491469111576087;"0"
"80";"14";-1,016;1;1;-0,811475577149456;"0"
"80";"15";-1,016;1;2;-0,183275879192185;"1"
"80";"16";-1,016;1;1;-0,686503624157953;"0"
"80";"17";-1,016;1;2;-0,791031204084063;"0"
"80";"18";-1,016;1;1;-0,595412466263932;"1"
"80";"19";-1,016;1;2;0,456272373742327;"0"
"80";"20";-1,016;1;1;-0,515863546233705;"1"
"81";"1";0,984;2;2;0,485585163381377;"1"
"81";"2";0,984;2;1;-0,0302688100837383;"0"
"81";"3";0,984;2;2;0,820507580610863;"1"
"81";"4";0,984;2;1;-0,0938515086589472;"0"
"81";"5";0,984;2;2;-0,00348733683864426;"1"
"81";"6";0,984;2;1;0,1197767525734;"1"
"81";"7";0,984;2;2;-0,404801623273143;"1"
"81";"8";0,984;2;1;0,0398725131069114;"0"
"81";"9";0,984;2;2;0,289189055815915;"0"
"81";"10";0,984;2;1;0,342219154898688;"1"
"81";"11";0,984;2;2;-0,145554929517731;"0"
"81";"12";0,984;2;1;-1,13734007634598;"0"
"81";"13";0,984;2;2;0,80454621184727;"0"
"81";"14";0,984;2;1;0,550586828131775;"1"
"81";"15";0,984;2;2;0,3648634498535;"1"
"81";"16";0,984;2;1;-0,218574474688516;"0"
"81";"17";0,984;2;2;1,46606385654819;"1"
"81";"18";0,984;2;1;-0,872002857831621;"0"
"81";"19";0,984;2;2;0,84153302910876;"1"
"81";"20";0,984;2;1;0,646672655248596;"1"
"82";"1";2,284;1;2;-0,422629048587965;"1"
"82";"2";2,284;1;1;0,616984428828038;"0"
"82";"3";2,284;1;2;0,922641929740284;"1"
"82";"4";2,284;1;1;-0,22847087565576;"0"
"82";"5";2,284;1;2;0,0637573040741132;"1"
"82";"6";2,284;1;1;0,558136359260974;"1"
"82";"7";2,284;1;2;0,462652515677731;"1"
"82";"8";2,284;1;1;0,434555773941222;"1"
"82";"9";2,284;1;2;1,46671275743757;"1"
"82";"10";2,284;1;1;0,621907795075107;"1"
"82";"11";2,284;1;2;0,774063739999018;"0"
"82";"12";2,284;1;1;0,256405045041778;"1"
"82";"13";2,284;1;2;0,0149569551450899;"1"
"82";"14";2,284;1;1;1,2662761213161;"1"
"82";"15";2,284;1;2;0,770816064165836;"1"
"82";"16";2,284;1;1;1,12386861707936;"1"
"82";"17";2,284;1;2;-0,223277352368677;"0"
"82";"18";2,284;1;1;1,01750185863092;"0"
"82";"19";2,284;1;2;1,17604470627727;"0"
"82";"20";2,284;1;1;0,44446647120517;"1"
"83";"1";1,884;2;2;-0,54886008633438;"0"
"83";"2";1,884;2;1;-0,493592746393982;"1"
"83";"3";1,884;2;2;0,269830515308256;"1"
"83";"4";1,884;2;1;0,0982168593036244;"0"
"83";"5";1,884;2;2;0,75239569530012;"1"
"83";"6";1,884;2;1;-0,154715759765863;"0"
"83";"7";1,884;2;2;0,957766086950264;"0"
"83";"8";1,884;2;1;0,618089520346649;"1"
"83";"9";1,884;2;2;0,32447044419654;"0"
"83";"10";1,884;2;1;0,67900853748567;"0"
"83";"11";1,884;2;2;-0,372418694185768;"0"
"83";"12";1,884;2;1;-0,278217647564372;"1"
"83";"13";1,884;2;2;-0,249355246500151;"1"
"83";"14";1,884;2;1;0,391370420621937;"0"
"83";"15";1,884;2;2;1,02942189238474;"1"
"83";"16";1,884;2;1;0,129019724908991;"1"
"83";"17";1,884;2;2;1,07899764138218;"1"
"83";"18";1,884;2;1;-0,330010093641858;"0"
"83";"19";1,884;2;2;0,00943401031945111;"1"
"83";"20";1,884;2;1;1,71872783072723;"0"
"84";"1";1,384;1;2;-0,812441769152619;"0"
"84";"2";1,384;1;1;-1,73001719740356;"0"
"84";"3";1,384;1;2;-0,829840692066813;"0"
"84";"4";1,384;1;1;-1,29287762843199;"0"
"84";"5";1,384;1;2;0,299206670511592;"1"
"84";"6";1,384;1;1;-0,661767963984696;"1"
"84";"7";1,384;1;2;-0,0028077020784126;"0"
"84";"8";1,384;1;1;-0,786390003981018;"0"
"84";"9";1,384;1;2;-0,361111758803949;"0"
"84";"10";1,384;1;1;-0,403328760480195;"0"
"84";"11";1,384;1;2;-0,534596065556378;"0"
"84";"12";1,384;1;1;-0,398248561639053;"0"
"84";"13";1,384;1;2;-0,508740321552082;"0"
"84";"14";1,384;1;1;-0,727511564054705;"0"
"84";"15";1,384;1;2;-0,790917993506394;"0"
"84";"16";1,384;1;1;0,260981329603113;"1"
"84";"17";1,384;1;2;-0,707902224006584;"1"
"84";"18";1,384;1;1;-0,248487592740764;"0"
"84";"19";1,384;1;2;-0,266128302562252;"0"
"84";"20";1,384;1;1;-1,0334017665081;"0"
"85";"1";-1,316;2;2;-0,023574837251973;"1"
"85";"2";-1,316;2;1;-0,511498662267499;"1"
"85";"3";-1,316;2;2;-0,320815751627705;"0"
"85";"4";-1,316;2;1;-1,29840750549526;"0"
"85";"5";-1,316;2;2;-0,364959367504863;"0"
"85";"6";-1,316;2;1;-0,523742227202688;"1"
"85";"7";-1,316;2;2;0,169250454609783;"1"
"85";"8";-1,316;2;1;-0,211062233989932;"0"
"85";"9";-1,316;2;2;-0,916558639834169;"1"
"85";"10";-1,316;2;1;-0,555235138683822;"1"
"85";"11";-1,316;2;2;-0,194827679033632;"1"
"85";"12";-1,316;2;1;0,271235461209534;"1"
"85";"13";-1,316;2;2;-0,674743089375184;"0"
"85";"14";-1,316;2;1;-0,244283996589062;"0"
"85";"15";-1,316;2;2;-1,00063752637151;"0"
"85";"16";-1,316;2;1;0,213454795632641;"1"
"85";"17";-1,316;2;2;-0,566323502890743;"1"
"85";"18";-1,316;2;1;-0,629234470659164;"1"
"85";"19";-1,316;2;2;-0,705959018982989;"0"
"85";"20";-1,316;2;1;0,487701865218765;"1"
"86";"1";-0,316;1;2;-0,928166802820311;"0"
"86";"2";-0,316;1;1;-0,823485304724611;"1"
"86";"3";-0,316;1;2;-0,407982817427624;"0"
"86";"4";-0,316;1;1;-0,734621111627818;"0"
"86";"5";-0,316;1;2;-0,090274055352324;"1"
"86";"6";-0,316;1;1;-0,994543820003928;"1"
"86";"7";-0,316;1;2;-0,828738433726936;"0"
"86";"8";-0,316;1;1;-0,0451360242401253;"1"
"86";"9";-0,316;1;2;-1,04892932219244;"1"
"86";"10";-0,316;1;1;-1,12353618014772;"0"
"86";"11";-0,316;1;2;-0,327256357077423;"0"
"86";"12";-0,316;1;1;-0,229318267723321;"0"
"86";"13";-0,316;1;2;-0,614433489758555;"1"
"86";"14";-0,316;1;1;-0,623452709201629;"0"
"86";"15";-0,316;1;2;0,0512169612933192;"1"
"86";"16";-0,316;1;1;-0,604680667864763;"1"
"86";"17";-0,316;1;2;-0,871486116858029;"0"
"86";"18";-0,316;1;1;-0,573372494784239;"0"
"86";"19";-0,316;1;2;1,10419259651528;"1"
"86";"20";-0,316;1;1;-0,522259109384365;"0"
"87";"1";-1,116;2;2;-0,468392595135876;"0"
"87";"2";-1,116;2;1;-1,66612771720381;"1"
"87";"3";-1,116;2;2;-0,649709946631968;"1"
"87";"4";-1,116;2;1;-0,319242469605455;"0"
"87";"5";-1,116;2;2;-0,123284364752853;"1"
"87";"6";-1,116;2;1;-0,397147492371941;"1"
"87";"7";-1,116;2;2;0,201504229482268;"0"
"87";"8";-1,116;2;1;-0,190658604455377;"1"
"87";"9";-1,116;2;2;-0,403635217061873;"1"
"87";"10";-1,116;2;1;-1,03296591222421;"0"
"87";"11";-1,116;2;2;-0,0674556027258546;"1"
"87";"12";-1,116;2;1;0,270115210629484;"0"
"87";"13";-1,116;2;2;0,527121724276199;"0"
"87";"14";-1,116;2;1;-0,283269100489385;"1"
"87";"15";-1,116;2;2;0,304285385316163;"1"
"87";"16";-1,116;2;1;-1,12634707989793;"0"
"87";"17";-1,116;2;2;0,169339133525646;"1"
"87";"18";-1,116;2;1;-1,0923216419161;"0"
"87";"19";-1,116;2;2;-1,4955187374507;"0"
"87";"20";-1,116;2;1;0,092983806401969;"1"
"88";"1";3,184;1;2;2,33918711846913;"1"
"88";"2";3,184;1;1;1,18676227560345;"1"
"88";"3";3,184;1;2;2,05085450805206;"1"
"88";"4";3,184;1;1;2,57643134576004;"1"
"88";"5";3,184;1;2;0,788686693149599;"1"
"88";"6";3,184;1;1;0,530956919683185;"1"
"88";"7";3,184;1;2;1,13291074731384;"0"
"88";"8";3,184;1;1;1,89435158060038;"1"
"88";"9";3,184;1;2;2,03224217053064;"1"
"88";"10";3,184;1;1;1,55952722252501;"1"
"88";"11";3,184;1;2;1,56557173766088;"1"
"88";"12";3,184;1;1;1,48919895693719;"0"
"88";"13";3,184;1;2;1,0734357013604;"1"
"88";"14";3,184;1;1;2,09612594245648;"1"
"88";"15";3,184;1;2;1,56032911298154;"1"
"88";"16";3,184;1;1;2,19544294151021;"1"
"88";"17";3,184;1;2;1,61339442999305;"1"
"88";"18";3,184;1;1;1,85967577785665;"1"
"88";"19";3,184;1;2;1,74374945328976;"1"
"88";"20";3,184;1;1;1,41540985126064;"1"
"89";"1";-0,716;2;2;-1,41800190426376;"0"
"89";"2";-0,716;2;1;-1,09435995098906;"0"
"89";"3";-0,716;2;2;0,0813106019069117;"1"
"89";"4";-0,716;2;1;-0,133701194282743;"1"
"89";"5";-0,716;2;2;-0,538850451367149;"1"
"89";"6";-0,716;2;1;-0,98513548111314;"0"
"89";"7";-0,716;2;2;-0,552278705480641;"0"
"89";"8";-0,716;2;1;-0,420387038268459;"0"
"89";"9";-0,716;2;2;-0,436181131658994;"1"
"89";"10";-0,716;2;1;-0,351779070917295;"0"
"89";"11";-0,716;2;2;-0,788399564138965;"0"
"89";"12";-0,716;2;1;-1,34119920864358;"0"
"89";"13";-0,716;2;2;-1,02483425999947;"0"
"89";"14";-0,716;2;1;0,0539802773987979;"1"
"89";"15";-0,716;2;2;-0,225034479752724;"0"
"89";"16";-0,716;2;1;-1,17878167179297;"0"
"89";"17";-0,716;2;2;0,145853985591196;"0"
"89";"18";-0,716;2;1;-0,0472579440560108;"1"
"89";"19";-0,716;2;2;-0,44134141559563;"0"
"89";"20";-0,716;2;1;-0,106433949094111;"1"
"90";"1";-0,416;1;2;-0,291134470646427;"1"
"90";"2";-0,416;1;1;-1,03613573614842;"0"
"90";"3";-0,416;1;2;-0,248315328365707;"1"
"90";"4";-0,416;1;1;-0,541203684815487;"0"
"90";"5";-0,416;1;2;-0,21876047305453;"1"
"90";"6";-0,416;1;1;-0,965070929995095;"0"
"90";"7";-0,416;1;2;0,01671382913166;"1"
"90";"8";-0,416;1;1;-0,325728033962195;"0"
"90";"9";-0,416;1;2;0,181097173619147;"1"
"90";"10";-0,416;1;1;0,0807157576968514;"1"
"90";"11";-0,416;1;2;-0,582936306784402;"0"
"90";"12";-0,416;1;1;-0,730380479503998;"0"
"90";"13";-0,416;1;2;-0,997119550104721;"1"
"90";"14";-0,416;1;1;-0,288565743758666;"0"
"90";"15";-0,416;1;2;-0,886569702831989;"0"
"90";"16";-0,416;1;1;-0,78091700700344;"1"
"90";"17";-0,416;1;2;-0,735489063297998;"1"
"90";"18";-0,416;1;1;0,0298837542225534;"1"
"90";"19";-0,416;1;2;1,01586410706987;"1"
"90";"20";-0,416;1;1;-0,738466027200738;"0"
"91";"1";-2,416;2;2;0,0824601741809936;"0"
"91";"2";-2,416;2;1;-0,011731664732589;"0"
"91";"3";-2,416;2;2;0,92703920350791;"1"
"91";"4";-2,416;2;1;1,49613674400769;"1"
"91";"5";-2,416;2;2;-0,469028405535518;"0"
"91";"6";-2,416;2;1;1,28417234998001;"1"
"91";"7";-2,416;2;2;1,24802713427445;"1"
"91";"8";-2,416;2;1;-0,219462971256314;"1"
"91";"9";-2,416;2;2;-0,493650151583718;"0"
"91";"10";-2,416;2;1;-0,470208189705578;"0"
"91";"11";-2,416;2;2;0,527249874766117;"0"
"91";"12";-2,416;2;1;0,341173417767048;"1"
"91";"13";-2,416;2;2;0,0755688483630417;"0"
"91";"14";-2,416;2;1;0,60264882687171;"0"
"91";"15";-2,416;2;2;0,784108213234432;"1"
"91";"16";-2,416;2;1;1,26376067267054;"1"
"91";"17";-2,416;2;2;-0,778631830732805;"1"
"91";"18";-2,416;2;1;-0,48411259846874;"1"
"91";"19";-2,416;2;2;-0,0341248985393175;"1"
"91";"20";-2,416;2;1;0,694698113519898;"0"
"92";"1";1,684;1;2;-0,538476372162534;"1"
"92";"2";1,684;1;1;0,0534216406643029;"0"
"92";"3";1,684;1;2;-0,34446469300323;"0"
"92";"4";1,684;1;1;0,717743651328833;"0"
"92";"5";1,684;1;2;-0,171731288662678;"0"
"92";"6";1,684;1;1;-0,426606757336381;"1"
"92";"7";1,684;1;2;-0,0688376893700054;"0"
"92";"8";1,684;1;1;0,628150311042511;"1"
"92";"9";1,684;1;2;0,675278583489757;"1"
"92";"10";1,684;1;1;0,0111430327370238;"1"
"92";"11";1,684;1;2;-0,0687245875707947;"0"
"92";"12";1,684;1;1;-0,284062462211756;"0"
"92";"13";1,684;1;2;-0,181404902482058;"0"
"92";"14";1,684;1;1;0,105765673398097;"0"
"92";"15";1,684;1;2;-0,15158594670714;"1"
"92";"16";1,684;1;1;-0,143437129811796;"0"
"92";"17";1,684;1;2;0,479507814073258;"1"
"92";"18";1,684;1;1;-0,0883436466552621;"1"
"92";"19";1,684;1;2;1,79200994570122;"0"
"92";"20";1,684;1;1;0,4179584482209;"1"
"93";"1";-2,816;2;2;0,261136463666616;"1"
"93";"2";-2,816;2;1;-0,0423452723473349;"1"
"93";"3";-2,816;2;2;1,76008741935337;"0"
"93";"4";-2,816;2;1;0,573075347693255;"1"
"93";"5";-2,816;2;2;0,90642501828027;"1"
"93";"6";-2,816;2;1;0,0483725668311031;"0"
"93";"7";-2,816;2;2;1,08774747775667;"1"
"93";"8";-2,816;2;1;1,76769763335707;"1"
"93";"9";-2,816;2;2;1,31134081619572;"0"
"93";"10";-2,816;2;1;1,02183096410616;"1"
"93";"11";-2,816;2;2;1,24127725001653;"1"
"93";"12";-2,816;2;1;-0,222767459768308;"0"
"93";"13";-2,816;2;2;0,487018943997372;"1"
"93";"14";-2,816;2;1;1,1548951364743;"1"
"93";"15";-2,816;2;2;0,922606602781888;"1"
"93";"16";-2,816;2;1;0,336385638915896;"1"
"93";"17";-2,816;2;2;0,645445433443566;"1"
"93";"18";-2,816;2;1;0,426327579389003;"1"
"93";"19";-2,816;2;2;0,107768631718881;"1"
"93";"20";-2,816;2;1;0,607868867317009;"1"
"94";"1";-1,516;1;2;-1,06010843927808;"0"
"94";"2";-1,516;1;1;-1,00087139415864;"1"
"94";"3";-1,516;1;2;-0,25720492379326;"0"
"94";"4";-1,516;1;1;-0,937626007922123;"0"
"94";"5";-1,516;1;2;-0,395082330583301;"0"
"94";"6";-1,516;1;1;-0,587549908395495;"1"
"94";"7";-1,516;1;2;0,0484702837805011;"0"
"94";"8";-1,516;1;1;0,396442721707039;"1"
"94";"9";-1,516;1;2;-0,248128413355387;"1"
"94";"10";-1,516;1;1;-0,399405697354071;"0"
"94";"11";-1,516;1;2;0,670351754103461;"0"
"94";"12";-1,516;1;1;-1,06915119890598;"0"
"94";"13";-1,516;1;2;-0,50388126140943;"1"
"94";"14";-1,516;1;1;-1,48279080141313;"1"
"94";"15";-1,516;1;2;-0,0918246213705157;"1"
"94";"16";-1,516;1;1;-0,957667378993785;"0"
"94";"17";-1,516;1;2;-0,664192411740149;"0"
"94";"18";-1,516;1;1;-0,841886997388744;"0"
"94";"19";-1,516;1;2;-0,260691855641446;"1"
"94";"20";-1,516;1;1;-0,55538467628548;"1"
"95";"1";-0,116;2;2;-0,183748539599637;"0"
"95";"2";-0,116;2;1;-0,938023844508915;"1"
"95";"3";-0,116;2;2;-0,720779634300211;"0"
"95";"4";-0,116;2;1;-0,526345644223958;"0"
"95";"5";-0,116;2;2;0,314563341090766;"0"
"95";"6";-0,116;2;1;0,524818772114982;"1"
"95";"7";-0,116;2;2;-0,703666300638089;"0"
"95";"8";-0,116;2;1;-0,785006910312649;"0"
"95";"9";-0,116;2;2;0,474574978951483;"1"
"95";"10";-0,116;2;1;-1,17335466041053;"0"
"95";"11";-0,116;2;2;-0,912039385845164;"0"
"95";"12";-0,116;2;1;0,206702093497475;"1"
"95";"13";-0,116;2;2;-0,827484182344496;"1"
"95";"14";-0,116;2;1;0,468567036140584;"1"
"95";"15";-0,116;2;2;0,254452162520501;"1"
"95";"16";-0,116;2;1;-0,396591505649314;"0"
"95";"17";-0,116;2;2;-0,668471718149867;"0"
"95";"18";-0,116;2;1;-0,567703055059833;"0"
"95";"19";-0,116;2;2;-0,285685808860325;"1"
"95";"20";-0,116;2;1;-0,364291556554149;"0"
"96";"1";2,784;1;2;0,659982486259183;"1"
"96";"2";2,784;1;1;1,76177700874586;"0"
"96";"3";2,784;1;2;1,41770873964888;"1"
"96";"4";2,784;1;1;1,71835271709701;"1"
"96";"5";2,784;1;2;1,15661952538952;"0"
"96";"6";2,784;1;1;1,28884922590968;"1"
"96";"7";2,784;1;2;1,84987033203089;"1"
"96";"8";2,784;1;1;1,22277522420201;"1"
"96";"9";2,784;1;2;1,61506300472862;"1"
"96";"10";2,784;1;1;0,900713266805555;"1"
"96";"11";2,784;1;2;1,65516127269477;"1"
"96";"12";2,784;1;1;1,80258458080336;"1"
"96";"13";2,784;1;2;0,923797800359754;"1"
"96";"14";2,784;1;1;1,14442248118591;"1"
"96";"15";2,784;1;2;1,43143146615333;"0"
"96";"16";2,784;1;1;1,58177938588459;"1"
"96";"17";2,784;1;2;0,68909540200633;"1"
"96";"18";2,784;1;1;1,11929231407841;"1"
"96";"19";2,784;1;2;0,728352561851939;"0"
"96";"20";2,784;1;1;1,06937796622753;"1"
"97";"1";1,084;2;2;-0,94755774125682;"0"
"97";"2";1,084;2;1;-1,32482028782851;"0"
"97";"3";1,084;2;2;0,0218563110846737;"0"
"97";"4";1,084;2;1;0,12882781399306;"0"
"97";"5";1,084;2;2;-0,461323237606365;"0"
"97";"6";1,084;2;1;-0,0320364908208982;"1"
"97";"7";1,084;2;2;-0,705766388151674;"1"
"97";"8";1,084;2;1;0,295049808862984;"1"
"97";"9";1,084;2;2;0,428670040221344;"1"
"97";"10";1,084;2;1;0,291790078561238;"1"
"97";"11";1,084;2;2;0,585721640368577;"1"
"97";"12";1,084;2;1;-0,175711908530144;"0"
"97";"13";1,084;2;2;-0,675313908259377;"0"
"97";"14";1,084;2;1;-0,394171172533994;"0"
"97";"15";1,084;2;2;-0,222353235144741;"0"
"97";"16";1,084;2;1;0,406264454999494;"0"
"97";"17";1,084;2;2;-0,191260266658705;"0"
"97";"18";1,084;2;1;-0,213805247330851;"0"
"97";"19";1,084;2;2;-0,524951170596221;"0"
"97";"20";1,084;2;1;-0,505552216141714;"0"
"98";"1";-2,316;1;2;0,0889760440526328;"1"
"98";"2";-2,316;1;1;1,1613653891956;"1"
"98";"3";-2,316;1;2;0,63071268464166;"1"
"98";"4";-2,316;1;1;-0,328383946186658;"0"
"98";"5";-2,316;1;2;-0,217565331960174;"0"
"98";"6";-2,316;1;1;-1,07466082290795;"1"
"98";"7";-2,316;1;2;0,792520430332597;"1"
"98";"8";-2,316;1;1;-0,353402972921325;"0"
"98";"9";-2,316;1;2;0,719034582627183;"1"
"98";"10";-2,316;1;1;-0,256523042731776;"0"
"98";"11";-2,316;1;2;1,05183771349018;"1"
"98";"12";-2,316;1;1;0,20836833297509;"0"
"98";"13";-2,316;1;2;0,859747057956779;"1"
"98";"14";-2,316;1;1;0,207922365299662;"1"
"98";"15";-2,316;1;2;0,77025298274315;"0"
"98";"16";-2,316;1;1;0,336925180527382;"0"
"98";"17";-2,316;1;2;-0,630356197578586;"0"
"98";"18";-2,316;1;1;-0,394750106851791;"0"
"98";"19";-2,316;1;2;0,559880655393567;"1"
"98";"20";-2,316;1;1;0,596221498656501;"0"
"99";"1";1,084;2;2;0,641299509201721;"1"
"99";"2";1,084;2;1;-0,232310275157756;"0"
"99";"3";1,084;2;2;0,186285814286175;"0"
"99";"4";1,084;2;1;0,420102256544534;"1"
"99";"5";1,084;2;2;0,788550734925831;"1"
"99";"6";1,084;2;1;0,49351884141564;"1"
"99";"7";1,084;2;2;-0,650039319919865;"0"
"99";"8";1,084;2;1;-0,548887609705761;"1"
"99";"9";1,084;2;2;0,0381840979254046;"1"
"99";"10";1,084;2;1;0,723017936356789;"0"
"99";"11";1,084;2;2;-0,228082731252112;"1"
"99";"12";1,084;2;1;0,553451482314748;"1"
"99";"13";1,084;2;2;0,573523235128851;"1"
"99";"14";1,084;2;1;-0,220259680456031;"0"
"99";"15";1,084;2;2;1,67726580911093;"1"
"99";"16";1,084;2;1;-0,515936351132101;"1"
"99";"17";1,084;2;2;0,509450898362281;"0"
"99";"18";1,084;2;1;0,14215977881878;"0"
"99";"19";1,084;2;2;0,372277967160767;"1"
"99";"20";1,084;2;1;0,332239095779259;"0"
"100";"1";0,984;1;2;-1,11743644147772;"0"
"100";"2";0,984;1;1;-0,235219205754926;"1"
"100";"3";0,984;1;2;0,0811799800609645;"0"
"100";"4";0,984;1;1;-1,76608890282352;"0"
"100";"5";0,984;1;2;-1,17886505133719;"0"
"100";"6";0,984;1;1;-1,11962091106909;"0"
"100";"7";0,984;1;2;0,125797750488431;"0"
"100";"8";0,984;1;1;-1,01412799439854;"0"
"100";"9";0,984;1;2;-0,758842120719594;"0"
"100";"10";0,984;1;1;-0,851618478495275;"0"
"100";"11";0,984;1;2;-1,26278525197249;"0"
"100";"12";0,984;1;1;-0,422712886319359;"0"
"100";"13";0,984;1;2;-0,561264223606492;"0"
"100";"14";0,984;1;1;-0,356470014586996;"1"
"100";"15";0,984;1;2;-0,737653415998581;"0"
"100";"16";0,984;1;1;-0,730447368135874;"0"
"100";"17";0,984;1;2;-0,310326298248633;"1"
"100";"18";0,984;1;1;-0,42505114898526;"0"
"100";"19";0,984;1;2;-0,444053160095389;"0"
"100";"20";0,984;1;1;-1,33430943924707;"0"
"101";"1";-0,316;2;2;0,081219514817571;"1"
"101";"2";-0,316;2;1;-0,67252569457468;"0"
"101";"3";-0,316;2;2;-1,16351749512379;"0"
"101";"4";-0,316;2;1;-0,520187361498056;"0"
"101";"5";-0,316;2;2;-0,765607710065419;"0"
"101";"6";-0,316;2;1;-0,451060736752919;"1"
"101";"7";-0,316;2;2;0,217693552523084;"1"
"101";"8";-0,316;2;1;-0,389172039129552;"0"
"101";"9";-0,316;2;2;-0,750461194808385;"0"
"101";"10";-0,316;2;1;-0,687812261484224;"0"
"101";"11";-0,316;2;2;-0,489836118423265;"0"
"101";"12";-0,316;2;1;-0,771500999978524;"1"
"101";"13";-0,316;2;2;-1,57178581242541;"0"
"101";"14";-0,316;2;1;0,427033070919076;"0"
"101";"15";-0,316;2;2;-0,8408525768487;"0"
"101";"16";-0,316;2;1;-1,03969313170105;"0"
"101";"17";-0,316;2;2;-0,573618583928111;"0"
"101";"18";-0,316;2;1;-1,2036221559682;"0"
"101";"19";-0,316;2;2;-0,591700673757961;"0"
"101";"20";-0,316;2;1;0,177730519763088;"0"
"102";"1";-1,216;1;2;-0,090344219043521;"1"
"102";"2";-1,216;1;1;-1,26529561457369;"0"
"102";"3";-1,216;1;2;0,518412919486736;"1"
"102";"4";-1,216;1;1;-0,879978517394338;"0"
"102";"5";-1,216;1;2;-0,0329814704770484;"0"
"102";"6";-1,216;1;1;-1,84144328224316;"0"
"102";"7";-1,216;1;2;-0,0975688972478691;"1"
"102";"8";-1,216;1;1;-0,472237009940807;"1"
"102";"9";-1,216;1;2;-0,978260560976464;"0"
"102";"10";-1,216;1;1;-1,11585211513867;"1"
"102";"11";-1,216;1;2;-0,994180332363904;"0"
"102";"12";-1,216;1;1;-1,43163246555165;"0"
"102";"13";-1,216;1;2;-0,309457374445134;"1"
"102";"14";-1,216;1;1;-0,0968980231310652;"1"
"102";"15";-1,216;1;2;-1,22867105855034;"0"
"102";"16";-1,216;1;1;-0,755541295244705;"0"
"102";"17";-1,216;1;2;-0,118972403663982;"1"
"102";"18";-1,216;1;1;0,734549407208243;"1"
"102";"19";-1,216;1;2;-0,0768169957218696;"0"
"102";"20";-1,216;1;1;-0,870263810430628;"0"
"103";"1";-2,116;2;2;-0,80646371950459;"0"
"103";"2";-2,116;2;1;-0,569810208359308;"0"
"103";"3";-2,116;2;2;0,646011728684778;"0"
"103";"4";-2,116;2;1;0,773784570101987;"1"
"103";"5";-2,116;2;2;0,906826489835547;"1"
"103";"6";-2,116;2;1;0,288235309769479;"0"
"103";"7";-2,116;2;2;1,59537585711011;"1"
"103";"8";-2,116;2;1;0,403712578803568;"0"
"103";"9";-2,116;2;2;0,153485487921851;"1"
"103";"10";-2,116;2;1;0,121530358338096;"0"
"103";"11";-2,116;2;2;0,84702254027258;"1"
"103";"12";-2,116;2;1;0,713356874063142;"1"
"103";"13";-2,116;2;2;0,664934509363558;"1"
"103";"14";-2,116;2;1;1,16045556692389;"1"
"103";"15";-2,116;2;2;0,682283435541069;"1"
"103";"16";-2,116;2;1;-0,0711677511276223;"0"
"103";"17";-2,116;2;2;-0,788485184239511;"0"
"103";"18";-2,116;2;1;-1,17013150115792;"0"
"103";"19";-2,116;2;2;0,119765135747465;"0"
"103";"20";-2,116;2;1;0,433490165790409;"1"
"104";"1";0,084;1;2;-0,0997751877504868;"1"
"104";"2";0,084;1;1;-0,794685061639229;"0"
"104";"3";0,084;1;2;-0,438479546810725;"0"
"104";"4";0,084;1;1;-0,867179176009945;"0"
"104";"5";0,084;1;2;-0,448024711437198;"0"
"104";"6";0,084;1;1;-0,280281075618997;"0"
"104";"7";0,084;1;2;-0,402570333362349;"1"
"104";"8";0,084;1;1;-1,08506882183849;"0"
"104";"9";0,084;1;2;-1,21584898859221;"0"
"104";"10";0,084;1;1;-1,58936102790906;"0"
"104";"11";0,084;1;2;-0,238902633827483;"1"
"104";"12";0,084;1;1;-2,39886376024248;"0"
"104";"13";0,084;1;2;-0,725047579091119;"0"
"104";"14";0,084;1;1;-1,0108857603528;"1"
"104";"15";0,084;1;2;-0,828721825200109;"0"
"104";"16";0,084;1;1;-0,269436154203689;"0"
"104";"17";0,084;1;2;-1,0677121372138;"0"
"104";"18";0,084;1;1;-0,950376009570324;"1"
"104";"19";0,084;1;2;-0,493952404930943;"0"
"104";"20";0,084;1;1;-0,180829895127361;"1"
"105";"1";0,684;2;2;-1,10959811012712;"1"
"105";"2";0,684;2;1;-0,0805060232117146;"0"
"105";"3";0,684;2;2;0,779222493727331;"1"
"105";"4";0,684;2;1;-0,273389420627586;"1"
"105";"5";0,684;2;2;-0,141156043610163;"0"
"105";"6";0,684;2;1;-1,00024802742744;"0"
"105";"7";0,684;2;2;-0,152399274947003;"0"
"105";"8";0,684;2;1;-0,546893408632006;"0"
"105";"9";0,684;2;2;1,35268854208814;"1"
"105";"10";0,684;2;1;-0,143384153251314;"1"
"105";"11";0,684;2;2;0,443408401564615;"0"
"105";"12";0,684;2;1;0,620595093414802;"1"
"105";"13";0,684;2;2;-0,2467857935369;"0"
"105";"14";0,684;2;1;-0,821816956690924;"0"
"105";"15";0,684;2;2;0,649582506146163;"1"
"105";"16";0,684;2;1;-1,05811831391905;"0"
"105";"17";0,684;2;2;0,454649307943828;"1"
"105";"18";0,684;2;1;-0,747623209883233;"0"
"105";"19";0,684;2;2;-0,153565718518223;"0"
"105";"20";0,684;2;1;-0,21618822135973;"1"
"106";"1";1,484;1;2;-0,368341924815346;"1"
"106";"2";1,484;1;1;-0,201874089508768;"0"
"106";"3";1,484;1;2;0,482466346347897;"0"
"106";"4";1,484;1;1;1,15819475635998;"0"
"106";"5";1,484;1;2;0,235837973505898;"0"
"106";"6";1,484;1;1;-0,461584522290679;"1"
"106";"7";1,484;1;2;-0,286804072107496;"0"
"106";"8";1,484;1;1;-0,00824245192064948;"0"
"106";"9";1,484;1;2;0,241823862564713;"1"
"106";"10";1,484;1;1;0,665217414064147;"0"
"106";"11";1,484;1;2;0,0917330141543126;"1"
"106";"12";1,484;1;1;-0,511940325123014;"1"
"106";"13";1,484;1;2;1,46926326710513;"1"
"106";"14";1,484;1;1;0,769498247011214;"1"
"106";"15";1,484;1;2;0,553296501402268;"0"
"106";"16";1,484;1;1;0,237577279029573;"1"
"106";"17";1,484;1;2;0,923703889637222;"1"
"106";"18";1,484;1;1;1,07827586172237;"0"
"106";"19";1,484;1;2;0,278836612045072;"1"
"106";"20";1,484;1;1;0,227846255510878;"0"
"107";"1";-1,916;2;2;0,236532583843322;"1"
"107";"2";-1,916;2;1;-0,533903881102693;"0"
"107";"3";-1,916;2;2;0,133670937544578;"0"
"107";"4";-1,916;2;1;-0,0237816111081047;"1"
"107";"5";-1,916;2;2;-0,111754616998926;"1"
"107";"6";-1,916;2;1;-0,0784068406484878;"0"
"107";"7";-1,916;2;2;0,190553787394849;"1"
"107";"8";-1,916;2;1;-0,367898380261316;"0"
"107";"9";-1,916;2;2;-0,0957931116898719;"1"
"107";"10";-1,916;2;1;0,918716299462142;"1"
"107";"11";-1,916;2;2;-0,417910587213909;"1"
"107";"12";-1,916;2;1;-0,510542668071904;"0"
"107";"13";-1,916;2;2;-0,657411573664629;"1"
"107";"14";-1,916;2;1;0,0367187000983172;"0"
"107";"15";-1,916;2;2;-0,101540280795827;"0"
"107";"16";-1,916;2;1;-0,17164649622944;"0"
"107";"17";-1,916;2;2;-0,650614925101442;"0"
"107";"18";-1,916;2;1;0,0514357422077422;"0"
"107";"19";-1,916;2;2;0,153323019543998;"1"
"107";"20";-1,916;2;1;-0,799290838641403;"0"
"108";"1";-1,716;1;2;0,320082718208168;"0"
"108";"2";-1,716;1;1;0,121683072585831;"0"
"108";"3";-1,716;1;2;0,962418186749969;"1"
"108";"4";-1,716;1;1;-0,460552716072046;"1"
"108";"5";-1,716;1;2;-0,532279979894446;"0"
"108";"6";-1,716;1;1;-1,18391617541644;"0"
"108";"7";-1,716;1;2;0,061632522960506;"0"
"108";"8";-1,716;1;1;-0,0647672840585175;"0"
"108";"9";-1,716;1;2;-0,427722359482712;"0"
"108";"10";-1,716;1;1;-0,0592540606467252;"1"
"108";"11";-1,716;1;2;-0,125210674452441;"0"
"108";"12";-1,716;1;1;-0,861868783853724;"0"
"108";"13";-1,716;1;2;0,335715702844722;"0"
"108";"14";-1,716;1;1;0,131185272290474;"0"
"108";"15";-1,716;1;2;0,0983744698201445;"1"
"108";"16";-1,716;1;1;-0,18709395255483;"0"
"108";"17";-1,716;1;2;0,451507022041205;"1"
"108";"18";-1,716;1;1;-0,352111691207718;"1"
"108";"19";-1,716;1;2;0,795917420341537;"1"
"108";"20";-1,716;1;1;-0,733444942343507;"0"
"109";"1";1,384;2;2;-0,942542912831651;"0"
"109";"2";1,384;2;1;-0,921552912175293;"0"
"109";"3";1,384;2;2;0,748114798029004;"0"
"109";"4";1,384;2;1;1,17537548399757;"1"
"109";"5";1,384;2;2;-0,797922819384196;"0"
"109";"6";1,384;2;1;-0,0975246132943235;"0"
"109";"7";1,384;2;2;0,451437610714783;"1"
"109";"8";1,384;2;1;0,106647857249796;"1"
"109";"9";1,384;2;2;1,04821252948401;"1"
"109";"10";1,384;2;1;0,200505648720784;"1"
"109";"11";1,384;2;2;-0,287351502379752;"1"
"109";"12";1,384;2;1;0,306454845138613;"0"
"109";"13";1,384;2;2;-0,467027187191225;"0"
"109";"14";1,384;2;1;0,334012488511663;"1"
"109";"15";1,384;2;2;0,314131622464389;"1"
"109";"16";1,384;2;1;-0,339136060987035;"0"
"109";"17";1,384;2;2;0,136629262884764;"0"
"109";"18";1,384;2;1;-0,29046033086257;"0"
"109";"19";1,384;2;2;0,0383035773047577;"1"
"109";"20";1,384;2;1;0,15336421594199;"0"
"110";"1";-3,916;1;2;2,12195277658762;"1"
"110";"2";-3,916;1;1;1,60395890262809;"1"
"110";"3";-3,916;1;2;2,40918077557909;"1"
"110";"4";-3,916;1;1;1,3468899879753;"1"
"110";"5";-3,916;1;2;1,01854631101711;"0"
"110";"6";-3,916;1;1;1,13279931513111;"1"
"110";"7";-3,916;1;2;2,80720514680384;"1"
"110";"8";-3,916;1;1;1,25082198534717;"0"
"110";"9";-3,916;1;2;1,46848460190254;"0"
"110";"10";-3,916;1;1;0,482752376354909;"0"
"110";"11";-3,916;1;2;2,04512782112533;"1"
"110";"12";-3,916;1;1;1,63250403180794;"1"
"110";"13";-3,916;1;2;0,368590921304821;"1"
"110";"14";-3,916;1;1;1,51998320758774;"1"
"110";"15";-3,916;1;2;1,87984652763107;"1"
"110";"16";-3,916;1;1;1,42428193717546;"1"
"110";"17";-3,916;1;2;1,42159611408685;"1"
"110";"18";-3,916;1;1;1,15257356844777;"1"
"110";"19";-3,916;1;2;2,2381573380674;"1"
"110";"20";-3,916;1;1;1,40162295622527;"1"
"111";"1";2,184;2;2;1,14574275223048;"1"
"111";"2";2,184;2;1;0,215743886474481;"0"
"111";"3";2,184;2;2;0,576440852848741;"1"
"111";"4";2,184;2;1;1,3577849118857;"1"
"111";"5";2,184;2;2;1,39421964302706;"1"
"111";"6";2,184;2;1;0,765970564158049;"0"
"111";"7";2,184;2;2;1,29591045896873;"0"
"111";"8";2,184;2;1;0,665814146217522;"0"
"111";"9";2,184;2;2;1,20372133869007;"1"
"111";"10";2,184;2;1;0,432883210474474;"1"
"111";"11";2,184;2;2;1,33960386030255;"1"
"111";"12";2,184;2;1;1,35859848162114;"1"
"111";"13";2,184;2;2;0,701277644672379;"0"
"111";"14";2,184;2;1;1,819743704084;"1"
"111";"15";2,184;2;2;0,601090171922491;"1"
"111";"16";2,184;2;1;-0,602993393389408;"1"
"111";"17";2,184;2;2;0,176921361106859;"1"
"111";"18";2,184;2;1;0,634046279447927;"0"
"111";"19";2,184;2;2;-0,370240264935304;"1"
"111";"20";2,184;2;1;1,43627070215602;"0"
"112";"1";-0,816;1;2;0,65276905692198;"1"
"112";"2";-0,816;1;1;0,00409821541973978;"0"
"112";"3";-0,816;1;2;-0,0527553702517736;"1"
"112";"4";-0,816;1;1;-0,0841020100718967;"0"
"112";"5";-0,816;1;2;-0,442626383996803;"0"
"112";"6";-0,816;1;1;-0,595675049513047;"0"
"112";"7";-0,816;1;2;-1,27811833066494;"1"
"112";"8";-0,816;1;1;-0,549413668747497;"0"
"112";"9";-0,816;1;2;0,0448933236041227;"1"
"112";"10";-0,816;1;1;-0,370876203433338;"1"
"112";"11";-0,816;1;2;0,441153798991662;"1"
"112";"12";-0,816;1;1;0,549941989440758;"1"
"112";"13";-0,816;1;2;-1,06709490105775;"0"
"112";"14";-0,816;1;1;-1,1135985510121;"1"
"112";"15";-0,816;1;2;-1,29138849794745;"0"
"112";"16";-0,816;1;1;-0,00831442303475396;"0"
"112";"17";-0,816;1;2;0,20627548461823;"0"
"112";"18";-0,816;1;1;-0,238446903137712;"1"
"112";"19";-0,816;1;2;-0,964695141476416;"0"
"112";"20";-0,816;1;1;-0,115405074437948;"1"
"113";"1";0,984;2;2;-0,356272203070781;"0"
"113";"2";0,984;2;1;0,301560065426232;"1"
"113";"3";0,984;2;2;-0,244741954446317;"0"
"113";"4";0,984;2;1;-0,201073061466286;"0"
"113";"5";0,984;2;2;-0,194103936826514;"0"
"113";"6";0,984;2;1;1,47815305189276;"1"
"113";"7";0,984;2;2;0,789729260534848;"1"
"113";"8";0,984;2;1;-0,0538800863772697;"0"
"113";"9";0,984;2;2;-0,1147809401432;"1"
"113";"10";0,984;2;1;0,412348807548573;"0"
"113";"11";0,984;2;2;-0,196229388056115;"0"
"113";"12";0,984;2;1;0,797085189817346;"1"
"113";"13";0,984;2;2;0,65208648155154;"0"
"113";"14";0,984;2;1;0,757463964090105;"1"
"113";"15";0,984;2;2;1,22836550915923;"1"
"113";"16";0,984;2;1;1,15194197832622;"1"
"113";"17";0,984;2;2;0,409468599441689;"1"
"113";"18";0,984;2;1;0,357588330890651;"0"
"113";"19";0,984;2;2;0,135300834882234;"0"
"113";"20";0,984;2;1;1,25144105539994;"1"
"114";"1";1,384;1;2;-0,00924244810593632;"1"
"114";"2";1,384;1;1;-1,08012217225696;"0"
"114";"3";1,384;1;2;0,916952059127363;"0"
"114";"4";1,384;1;1;-0,34915913230606;"0"
"114";"5";1,384;1;2;0,320405699832754;"1"
"114";"6";1,384;1;1;-0,949891313892942;"0"
"114";"7";1,384;1;2;0,423130483221086;"0"
"114";"8";1,384;1;1;-0,0895600009573322;"1"
"114";"9";1,384;1;2;-0,802686994131613;"1"
"114";"10";1,384;1;1;-0,514007221795845;"0"
"114";"11";1,384;1;2;-0,342758431783928;"1"
"114";"12";1,384;1;1;0,776562165658167;"0"
"114";"13";1,384;1;2;-0,401212107572071;"0"
"114";"14";1,384;1;1;0,744305913666779;"1"
"114";"15";1,384;1;2;0,0570440918714372;"0"
"114";"16";1,384;1;1;-0,916163127578764;"1"
"114";"17";1,384;1;2;-0,827953764756397;"1"
"114";"18";1,384;1;1;0,0292979853343377;"1"
"114";"19";1,384;1;2;-0,0296896234853114;"1"
"114";"20";1,384;1;1;0,109155131710524;"1"
"115";"1";3,384;2;2;2,16278953192929;"0"
"115";"2";3,384;2;1;0,967294878980995;"1"
"115";"3";3,384;2;2;2,69373074322166;"1"
"115";"4";3,384;2;1;2,7212069877943;"1"
"115";"5";3,384;2;2;1,90628447176214;"1"
"115";"6";3,384;2;1;1,86401362122048;"1"
"115";"7";3,384;2;2;1,84202325552484;"1"
"115";"8";3,384;2;1;2,00854955419645;"0"
"115";"9";3,384;2;2;2,35775075722385;"1"
"115";"10";3,384;2;1;2,64916426809384;"0"
"115";"11";3,384;2;2;2,47055653262183;"1"
"115";"12";3,384;2;1;1,76554370461637;"1"
"115";"13";3,384;2;2;1,80226741926544;"1"
"115";"14";3,384;2;1;2,4535101418102;"1"
"115";"15";3,384;2;2;2,09983719511163;"1"
"115";"16";3,384;2;1;1,61770116026412;"1"
"115";"17";3,384;2;2;2,56949454833842;"1"
"115";"18";3,384;2;1;2,04973732765058;"1"
"115";"19";3,384;2;2;2,77713233730915;"1"
"115";"20";3,384;2;1;2,7818473900435;"1"
"116";"1";2,084;1;2;0,773962781513475;"1"
"116";"2";2,084;1;1;0,701168037904872;"1"
"116";"3";2,084;1;2;0,364816328913812;"0"
"116";"4";2,084;1;1;0,78505340986732;"1"
"116";"5";2,084;1;2;1,54913828980289;"1"
"116";"6";2,084;1;1;1,67629167777523;"1"
"116";"7";2,084;1;2;0,822981081805975;"0"
"116";"8";2,084;1;1;0,625337735236572;"1"
"116";"9";2,084;1;2;2,33579347122784;"0"
"116";"10";2,084;1;1;1,53838436249729;"1"
"116";"11";2,084;1;2;0,142861306007342;"1"
"116";"12";2,084;1;1;0,226360184756144;"1"
"116";"13";2,084;1;2;0,536406461799919;"0"
"116";"14";2,084;1;1;0,697747143593829;"0"
"116";"15";2,084;1;2;1,32926386704868;"0"
"116";"16";2,084;1;1;1,18833749189702;"1"
"116";"17";2,084;1;2;2,06313358858947;"1"
"116";"18";2,084;1;1;1,95517827384782;"1"
"116";"19";2,084;1;2;0,585095874240965;"0"
"116";"20";2,084;1;1;0,870342597226348;"1"
"117";"1";-3,016;2;2;0,897729358774463;"1"
"117";"2";-3,016;2;1;0,388166371726716;"1"
"117";"3";-3,016;2;2;0,809292899932653;"1"
"117";"4";-3,016;2;1;1,56646412543316;"1"
"117";"5";-3,016;2;2;0,981018178304943;"1"
"117";"6";-3,016;2;1;0,0183555406555949;"1"
"117";"7";-3,016;2;2;0,363460355214271;"1"
"117";"8";-3,016;2;1;1,26232026216608;"0"
"117";"9";-3,016;2;2;0,781963652999222;"1"
"117";"10";-3,016;2;1;0,228032965098496;"0"
"117";"11";-3,016;2;2;1,21452350534555;"1"
"117";"12";-3,016;2;1;0,931517591706057;"1"
"117";"13";-3,016;2;2;0,612423592771513;"1"
"117";"14";-3,016;2;1;0,731450439058419;"0"
"117";"15";-3,016;2;2;0,765988074112981;"1"
"117";"16";-3,016;2;1;0,421207374056544;"0"
"117";"17";-3,016;2;2;1,58653375013103;"0"
"117";"18";-3,016;2;1;0,441842884538005;"1"
"117";"19";-3,016;2;2;0,218285360391218;"1"
"117";"20";-3,016;2;1;1,71738956701874;"1"
"118";"1";0,184;1;2;-0,75104698859036;"0"
"118";"2";0,184;1;1;-1,90812471765118;"0"
"118";"3";0,184;1;2;-0,377613592115296;"1"
"118";"4";0,184;1;1;-0,774548788241059;"0"
"118";"5";0,184;1;2;-0,702067784072669;"1"
"118";"6";0,184;1;1;-0,314167113659465;"1"
"118";"7";0,184;1;2;-0,13718001434402;"1"
"118";"8";0,184;1;1;-0,731600298545723;"0"
"118";"9";0,184;1;2;-0,463265672467725;"0"
"118";"10";0,184;1;1;-1,46096370917989;"0"
"118";"11";0,184;1;2;-0,816972863429246;"0"
"118";"12";0,184;1;1;-1,33936398091999;"1"
"118";"13";0,184;1;2;-0,800910388397112;"0"
"118";"14";0,184;1;1;-0,328719214844115;"0"
"118";"15";0,184;1;2;-1,55949796804373;"0"
"118";"16";0,184;1;1;-2,33696604630054;"0"
"118";"17";0,184;1;2;-0,520111647909766;"0"
"118";"18";0,184;1;1;-1,60408901919725;"0"
"118";"19";0,184;1;2;-0,201746572723721;"1"
"118";"20";0,184;1;1;-1,04845239751317;"0"
"119";"1";-0,016;2;2;0,203334075236359;"0"
"119";"2";-0,016;2;1;-1,27861259194936;"0"
"119";"3";-0,016;2;2;-0,721941252687787;"0"
"119";"4";-0,016;2;1;-0,184821873117194;"0"
"119";"5";-0,016;2;2;-0,483623803604464;"1"
"119";"6";-0,016;2;1;-1,09898090927157;"0"
"119";"7";-0,016;2;2;1,00757002293852;"1"
"119";"8";-0,016;2;1;-0,35823977941842;"0"
"119";"9";-0,016;2;2;-0,242031968105331;"1"
"119";"10";-0,016;2;1;-0,398739648836018;"1"
"119";"11";-0,016;2;2;-0,274845935879431;"0"
"119";"12";-0,016;2;1;0,722627271187589;"0"
"119";"13";-0,016;2;2;-0,671063845608144;"0"
"119";"14";-0,016;2;1;0,122401201806243;"1"
"119";"15";-0,016;2;2;-0,53396725883914;"0"
"119";"16";-0,016;2;1;-0,498742956561038;"0"
"119";"17";-0,016;2;2;-0,449460421856521;"0"
"119";"18";-0,016;2;1;-0,472931680584852;"1"
"119";"19";-0,016;2;2;-0,0644814954830408;"1"
"119";"20";-0,016;2;1;0,287983302560614;"1"
"120";"1";-4,516;1;2;1,37491171234866;"0"
"120";"2";-4,516;1;1;1,89893046565823;"1"
"120";"3";-4,516;1;2;2,30984134326242;"1"
"120";"4";-4,516;1;1;2,23724509841148;"1"
"120";"5";-4,516;1;2;2,27224795263058;"0"
"120";"6";-4,516;1;1;1,74381575695189;"0"
"120";"7";-4,516;1;2;2,89337114371859;"1"
"120";"8";-4,516;1;1;1,36661954001406;"1"
"120";"9";-4,516;1;2;2,46024890455836;"1"
"120";"10";-4,516;1;1;0,698361618869545;"1"
"120";"11";-4,516;1;2;2,48750903893289;"1"
"120";"12";-4,516;1;1;1,61209978138281;"0"
"120";"13";-4,516;1;2;1,43005392712862;"0"
"120";"14";-4,516;1;1;1,41174542686831;"1"
"120";"15";-4,516;1;2;1,99354799745778;"0"
"120";"16";-4,516;1;1;1,3511451896735;"1"
"120";"17";-4,516;1;2;2,49820045098361;"1"
"120";"18";-4,516;1;1;1,73340585549719;"0"
"120";"19";-4,516;1;2;2,34956947139066;"1"
"120";"20";-4,516;1;1;2,49425618829818;"1"
"121";"1";0,384;2;2;-0,695383875632339;"1"
"121";"2";0,384;2;1;-0,484740800137458;"1"
"121";"3";0,384;2;2;-0,16064439130476;"1"
"121";"4";0,384;2;1;0,661953547730425;"1"
"121";"5";0,384;2;2;-0,597828011187009;"1"
"121";"6";0,384;2;1;-0,819230076642323;"1"
"121";"7";0,384;2;2;-0,651888920313655;"0"
"121";"8";0,384;2;1;-0,69079397909877;"0"
"121";"9";0,384;2;2;0,30176644868751;"0"
"121";"10";0,384;2;1;-0,132711853820639;"1"
"121";"11";0,384;2;2;-0,934497142503137;"0"
"121";"12";0,384;2;1;-0,376320516183146;"1"
"121";"13";0,384;2;2;0,10746105969747;"0"
"121";"14";0,384;2;1;-1,12995911093563;"1"
"121";"15";0,384;2;2;1,00098396202943;"0"
"121";"16";0,384;2;1;0,495590919421257;"0"
"121";"17";0,384;2;2;0,643342794892155;"1"
"121";"18";0,384;2;1;-0,486984864842334;"1"
"121";"19";0,384;2;2;-0,473321783986914;"1"
"121";"20";0,384;2;1;0,358742681539139;"1"
"122";"1";-0,716;1;2;-0,0434447254208639;"1"
"122";"2";-0,716;1;1;-1,40060654790573;"0"
"122";"3";-0,716;1;2;-1,1035355160751;"0"
"122";"4";-0,716;1;1;-1,45213002046586;"0"
"122";"5";-0,716;1;2;-0,445695070867148;"1"
"122";"6";-0,716;1;1;-1,33803642837737;"0"
"122";"7";-0,716;1;2;0,0761499669864284;"1"
"122";"8";-0,716;1;1;-1,99643107400846;"0"
"122";"9";-0,716;1;2;-0,435881955450408;"0"
"122";"10";-0,716;1;1;-0,743980032417896;"0"
"122";"11";-0,716;1;2;-0,566578926951113;"0"
"122";"12";-0,716;1;1;-0,684661956627596;"1"
"122";"13";-0,716;1;2;-0,840223590855559;"1"
"122";"14";-0,716;1;1;-0,220117189428808;"0"
"122";"15";-0,716;1;2;-0,165630949095286;"0"
"122";"16";-0,716;1;1;-0,920244077428592;"0"
"122";"17";-0,716;1;2;-0,0716151529129156;"0"
"122";"18";-0,716;1;1;-0,106829070688833;"1"
"122";"19";-0,716;1;2;-1,04373117577097;"1"
"122";"20";-0,716;1;1;-1,5013137490161;"0"
"123";"1";2,684;2;2;0,579166779195945;"1"
"123";"2";2,684;2;1;1,7655675152726;"1"
"123";"3";2,684;2;2;1,78565452647789;"1"
"123";"4";2,684;2;1;0,286392201492602;"1"
"123";"5";2,684;2;2;2,1136410466893;"1"
"123";"6";2,684;2;1;0,520907724737635;"0"
"123";"7";2,684;2;2;1,14415399344414;"1"
"123";"8";2,684;2;1;0,806326190030698;"1"
"123";"9";2,684;2;2;0,888430131651793;"1"
"123";"10";2,684;2;1;2,21239586637496;"1"
"123";"11";2,684;2;2;0,611063466251664;"1"
"123";"12";2,684;2;1;1,72277591936889;"1"
"123";"13";2,684;2;2;0,817475021798625;"1"
"123";"14";2,684;2;1;1,75043385575478;"1"
"123";"15";2,684;2;2;1,58759827207452;"1"
"123";"16";2,684;2;1;1,21819996109273;"1"
"123";"17";2,684;2;2;1,69920911602654;"1"
"123";"18";2,684;2;1;1,35538498331077;"0"
"123";"19";2,684;2;2;0,938055137674025;"1"
"123";"20";2,684;2;1;2,35682585464961;"1"
"124";"1";-0,716;1;2;-0,291970209060116;"1"
"124";"2";-0,716;1;1;-1,1554974677942;"0"
"124";"3";-0,716;1;2;0,1498995352665;"1"
"124";"4";-0,716;1;1;-0,751196637843441;"0"
"124";"5";-0,716;1;2;-0,536677402852373;"1"
"124";"6";-0,716;1;1;-1,03211839333864;"1"
"124";"7";-0,716;1;2;-0,104706068686757;"0"
"124";"8";-0,716;1;1;-1,17528246711336;"0"
"124";"9";-0,716;1;2;-0,695075815675825;"0"
"124";"10";-0,716;1;1;-0,412612326761;"1"
"124";"11";-0,716;1;2;-0,669688702108871;"0"
"124";"12";-0,716;1;1;-0,996216419722848;"0"
"124";"13";-0,716;1;2;-0,427033296927637;"1"
"124";"14";-0,716;1;1;-0,16405595213353;"0"
"124";"15";-0,716;1;2;-1,37339422299123;"0"
"124";"16";-0,716;1;1;-0,173320391461611;"0"
"124";"17";-0,716;1;2;-0,888063702062387;"1"
"124";"18";-0,716;1;1;-1,00473056620077;"1"
"124";"19";-0,716;1;2;-1,02249272302644;"1"
"124";"20";-0,716;1;1;-0,923534623309273;"0"
"125";"1";-4,316;2;2;1,92340554761267;"1"
"125";"2";-4,316;2;1;1,98006344526086;"1"
"125";"3";-4,316;2;2;1,73302887220943;"0"
"125";"4";-4,316;2;1;2,17210356208399;"1"
"125";"5";-4,316;2;2;1,57062996196781;"0"
"125";"6";-4,316;2;1;1,71304680918127;"1"
"125";"7";-4,316;2;2;0,928359283933629;"1"
"125";"8";-4,316;2;1;2,46986835796608;"1"
"125";"9";-4,316;2;2;2,44015064563463;"1"
"125";"10";-4,316;2;1;2,41367499752129;"0"
"125";"11";-4,316;2;2;1,98055885885223;"1"
"125";"12";-4,316;2;1;1,7356445241014;"1"
"125";"13";-4,316;2;2;1,32305997145248;"1"
"125";"14";-4,316;2;1;0,979915084064014;"1"
"125";"15";-4,316;2;2;2,26669911295481;"1"
"125";"16";-4,316;2;1;1,36703762258624;"1"
"125";"17";-4,316;2;2;2,34605002286285;"0"
"125";"18";-4,316;2;1;1,39084250801514;"1"
"125";"19";-4,316;2;2;1,85084044756448;"0"
"125";"20";-4,316;2;1;2,11285435881268;"1"
"126";"1";-1,016;1;2;-0,633033879357122;"0"
"126";"2";-1,016;1;1;-0,570131814219164;"0"
"126";"3";-1,016;1;2;0,15831207452723;"0"
"126";"4";-1,016;1;1;-0,71549403251285;"0"
"126";"5";-1,016;1;2;-0,522593135767146;"1"
"126";"6";-1,016;1;1;-0,318131997947806;"0"
"126";"7";-1,016;1;2;-0,571668371525914;"1"
"126";"8";-1,016;1;1;-1,39971872877325;"0"
"126";"9";-1,016;1;2;-0,218086874232592;"1"
"126";"10";-1,016;1;1;-0,430564972301435;"0"
"126";"11";-1,016;1;2;0,0459653183547999;"0"
"126";"12";-1,016;1;1;-0,81043376967761;"1"
"126";"13";-1,016;1;2;-0,749386250128429;"0"
"126";"14";-1,016;1;1;-0,913812686374077;"0"
"126";"15";-1,016;1;2;-0,659160824016698;"0"
"126";"16";-1,016;1;1;-1,07957262850383;"0"
"126";"17";-1,016;1;2;-1,44606840045503;"0"
"126";"18";-1,016;1;1;-0,413469090108538;"0"
"126";"19";-1,016;1;2;-0,912031823549603;"0"
"126";"20";-1,016;1;1;-0,45977445478799;"0"
"127";"1";1,384;2;2;0,0445172360803299;"0"
"127";"2";1,384;2;1;-0,300763804324962;"1"
"127";"3";1,384;2;2;0,41159439182653;"1"
"127";"4";1,384;2;1;0,81289040539665;"1"
"127";"5";1,384;2;2;0,149860202091408;"0"
"127";"6";1,384;2;1;0,0207357661150059;"0"
"127";"7";1,384;2;2;-0,0312622808474482;"1"
"127";"8";1,384;2;1;0,602731664055786;"1"
"127";"9";1,384;2;2;-0,975636697123743;"0"
"127";"10";1,384;2;1;-0,20828002419981;"0"
"127";"11";1,384;2;2;-0,312164441496059;"1"
"127";"12";1,384;2;1;0,563912012323255;"0"
"127";"13";1,384;2;2;0,251553415440468;"0"
"127";"14";1,384;2;1;0,132232507402467;"0"
"127";"15";1,384;2;2;0,28187253648483;"1"
"127";"16";1,384;2;1;0,0679946950145904;"1"
"127";"17";1,384;2;2;0,0937079370525275;"1"
"127";"18";1,384;2;1;-0,222897834117604;"1"
"127";"19";1,384;2;2;0,269954146105104;"1"
"127";"20";1,384;2;1;1,0418373353582;"1"
"128";"1";0,884;1;2;0,171324031259292;"0"
"128";"2";0,884;1;1;-0,68908924974683;"0"
"128";"3";0,884;1;2;-0,32673219901304;"0"
"128";"4";0,884;1;1;0,524442267069325;"1"
"128";"5";0,884;1;2;0,710402781249141;"1"
"128";"6";0,884;1;1;-0,317225371437853;"1"
"128";"7";0,884;1;2;0,511452347484062;"0"
"128";"8";0,884;1;1;-0,441208786031065;"0"
"128";"9";0,884;1;2;-0,992732658005536;"0"
"128";"10";0,884;1;1;-1,34730466204998;"1"
"128";"11";0,884;1;2;0,109135579536507;"1"
"128";"12";0,884;1;1;-0,0732847185321004;"0"
"128";"13";0,884;1;2;-1,80073581975398;"0"
"128";"14";0,884;1;1;-0,686615421523547;"0"
"128";"15";0,884;1;2;-0,757393913873396;"0"
"128";"16";0,884;1;1;-0,398644177384737;"0"
"128";"17";0,884;1;2;-0,154560946526931;"0"
"128";"18";0,884;1;1;0,264405903463031;"0"
"128";"19";0,884;1;2;1,00894068885568;"1"
"128";"20";0,884;1;1;-0,451562573902281;"1"
"129";"1";0,184;2;2;-0,503881824532943;"0"
"129";"2";0,184;2;1;-0,699297854149129;"1"
"129";"3";0,184;2;2;-0,5632786293017;"1"
"129";"4";0,184;2;1;0,291214678291663;"1"
"129";"5";0,184;2;2;-1,41831893599354;"0"
"129";"6";0,184;2;1;-1,13608911870309;"1"
"129";"7";0,184;2;2;0,4199473999031;"1"
"129";"8";0,184;2;1;-0,250087722714279;"1"
"129";"9";0,184;2;2;0,466127831091335;"1"
"129";"10";0,184;2;1;-1,58730168682653;"0"
"129";"11";0,184;2;2;-0,844129810928622;"0"
"129";"12";0,184;2;1;-0,78184220577711;"0"
"129";"13";0,184;2;2;-0,296400470136378;"0"
"129";"14";0,184;2;1;-0,551356700835857;"0"
"129";"15";0,184;2;2;-0,561147904972189;"0"
"129";"16";0,184;2;1;-0,47536242657974;"0"
"129";"17";0,184;2;2;-0,553525495376146;"1"
"129";"18";0,184;2;1;-1,42307477181372;"1"
"129";"19";0,184;2;2;-0,509288980931886;"0"
"129";"20";0,184;2;1;-0,191816521327039;"0"
"130";"1";0,284;1;2;-1,46901589633729;"0"
"130";"2";0,284;1;1;-0,765936151888538;"0"
"130";"3";0,284;1;2;0,00647846656415792;"0"
"130";"4";0,284;1;1;-0,319581048982544;"0"
"130";"5";0,284;1;2;0,0161448370743468;"1"
"130";"6";0,284;1;1;-0,983009094890759;"0"
"130";"7";0,284;1;2;-1,13725270672447;"1"
"130";"8";0,284;1;1;-1,18111411207925;"0"
"130";"9";0,284;1;2;-0,610179936652598;"0"
"130";"10";0,284;1;1;-0,125507165808837;"1"
"130";"11";0,284;1;2;0,630031876556093;"1"
"130";"12";0,284;1;1;-0,339426476054642;"0"
"130";"13";0,284;1;2;-1,26901029318016;"0"
"130";"14";0,284;1;1;0,113095232997416;"0"
"130";"15";0,284;1;2;-1,30301891352955;"0"
"130";"16";0,284;1;1;-0,578896285433657;"0"
"130";"17";0,284;1;2;0,476725003031437;"1"
"130";"18";0,284;1;1;-0,217052435948506;"0"
"130";"19";0,284;1;2;-1,31194418110636;"1"
"130";"20";0,284;1;1;-0,856938074490165;"1"
"131";"1";-0,416;2;2;-1,00077521599366;"0"
"131";"2";-0,416;2;1;-1,04647742216734;"1"
"131";"3";-0,416;2;2;0,522471919913788;"0"
"131";"4";-0,416;2;1;-0,74300313374436;"1"
"131";"5";-0,416;2;2;-0,534005208845859;"0"
"131";"6";-0,416;2;1;-1,71661011628712;"0"
"131";"7";-0,416;2;2;-0,871816212401891;"1"
"131";"8";-0,416;2;1;-0,931641039997257;"1"
"131";"9";-0,416;2;2;0,155999952874829;"0"
"131";"10";-0,416;2;1;-0,708559319389656;"0"
"131";"11";-0,416;2;2;0,0707402574179322;"0"
"131";"12";-0,416;2;1;-0,76450311721252;"0"
"131";"13";-0,416;2;2;-0,10650542684585;"0"
"131";"14";-0,416;2;1;0,531125708933605;"1"
"131";"15";-0,416;2;2;0,412884966167203;"0"
"131";"16";-0,416;2;1;-1,03610520946181;"0"
"131";"17";-0,416;2;2;-0,317507288371286;"1"
"131";"18";-0,416;2;1;-1,63417578178912;"0"
"131";"19";-0,416;2;2;-0,976927822312756;"0"
"131";"20";-0,416;2;1;-1,00113880539797;"1"
"132";"1";-2,516;1;2;-0,612148871668851;"0"
"132";"2";-2,516;1;1;-0,442207686785451;"1"
"132";"3";-2,516;1;2;0,353253145658759;"1"
"132";"4";-2,516;1;1;-0,927944515666079;"0"
"132";"5";-2,516;1;2;-0,114195349673673;"1"
"132";"6";-2,516;1;1;-0,161100027189829;"1"
"132";"7";-2,516;1;2;0,845793080858355;"1"
"132";"8";-2,516;1;1;0,340144618897126;"0"
"132";"9";-2,516;1;2;1,04505748569442;"0"
"132";"10";-2,516;1;1;0,187197713834927;"0"
"132";"11";-2,516;1;2;-0,494445057656831;"0"
"132";"12";-2,516;1;1;0,957431045355511;"0"
"132";"13";-2,516;1;2;-0,604218976018135;"1"
"132";"14";-2,516;1;1;0,0875016860336606;"0"
"132";"15";-2,516;1;2;-0,684907452495347;"0"
"132";"16";-2,516;1;1;0,795758043033711;"1"
"132";"17";-2,516;1;2;0,235102126866688;"1"
"132";"18";-2,516;1;1;0,128714133231505;"1"
"132";"19";-2,516;1;2;0,278157226119207;"0"
"132";"20";-2,516;1;1;-0,0729925137525274;"1"
"133";"1";1,084;2;2;-0,962042494106572;"0"
"133";"2";1,084;2;1;0,0972390120133998;"1"
"133";"3";1,084;2;2;-0,223698387372506;"1"
"133";"4";1,084;2;1;-0,480144073007047;"0"
"133";"5";1,084;2;2;-0,518377200245656;"0"
"133";"6";1,084;2;1;-0,315869977991822;"0"
"133";"7";1,084;2;2;-0,442774827975811;"0"
"133";"8";1,084;2;1;0,348813869819432;"1"
"133";"9";1,084;2;2;-0,296104454368869;"0"
"133";"10";1,084;2;1;0,565868467249563;"1"
"133";"11";1,084;2;2;-0,147463841571355;"1"
"133";"12";1,084;2;1;-0,0675488803054202;"0"
"133";"13";1,084;2;2;0,576229966879882;"0"
"133";"14";1,084;2;1;0,202278793588308;"0"
"133";"15";1,084;2;2;0,710654295687571;"1"
"133";"16";1,084;2;1;-0,962601803081493;"0"
"133";"17";1,084;2;2;-0,367206339300744;"0"
"133";"18";1,084;2;1;-0,841180402512735;"0"
"133";"19";1,084;2;2;0,431692103940792;"1"
"133";"20";1,084;2;1;-0,376874032718374;"0"
"134";"1";0,184;1;2;-0,282204838823037;"0"
"134";"2";0,184;1;1;-0,702689211552907;"0"
"134";"3";0,184;1;2;-0,264125497226575;"1"
"134";"4";0,184;1;1;-0,0464226498733285;"0"
"134";"5";0,184;1;2;0,00153176576709054;"1"
"134";"6";0,184;1;1;-1,55522935597852;"0"
"134";"7";0,184;1;2;-0,539160824856181;"0"
"134";"8";0,184;1;1;0,0742156754813467;"0"
"134";"9";0,184;1;2;-0,318871077515444;"1"
"134";"10";0,184;1;1;-0,237799478558872;"0"
"134";"11";0,184;1;2;-0,70806281374775;"0"
"134";"12";0,184;1;1;-0,540038388369137;"1"
"134";"13";0,184;1;2;-0,817585323081578;"0"
"134";"14";0,184;1;1;-0,766090004829425;"0"
"134";"15";0,184;1;2;-1,25567498245074;"1"
"134";"16";0,184;1;1;-0,975059271073832;"0"
"134";"17";0,184;1;2;-0,831069042009183;"1"
"134";"18";0,184;1;1;0,035367693256653;"0"
"134";"19";0,184;1;2;-1,17450057911767;"0"
"134";"20";0,184;1;1;-1,05830424531283;"0"
"135";"1";-1,116;2;2;-0,860531153310612;"0"
"135";"2";-1,116;2;1;-1,29180782656642;"0"
"135";"3";-1,116;2;2;-0,527054574995215;"0"
"135";"4";-1,116;2;1;-0,143421742903944;"1"
"135";"5";-1,116;2;2;-0,681727226261474;"0"
"135";"6";-1,116;2;1;-0,36652135517523;"0"
"135";"7";-1,116;2;2;0,0973313781950679;"1"
"135";"8";-1,116;2;1;-0,173980027356892;"1"
"135";"9";-1,116;2;2;-0,566971258443656;"1"
"135";"10";-1,116;2;1;-0,254257578483369;"1"
"135";"11";-1,116;2;2;-0,510128685365603;"0"
"135";"12";-1,116;2;1;-0,591428327598387;"0"
"135";"13";-1,116;2;2;-0,0952169531233623;"1"
"135";"14";-1,116;2;1;-0,628887102199178;"0"
"135";"15";-1,116;2;2;0,304911448212425;"1"
"135";"16";-1,116;2;1;-0,236981790022382;"1"
"135";"17";-1,116;2;2;0,147925311410595;"1"
"135";"18";-1,116;2;1;-0,41393455757442;"0"
"135";"19";-1,116;2;2;-0,136636743644618;"1"
"135";"20";-1,116;2;1;-0,0680640061116757;"1"
"136";"1";-0,416;1;2;-0,553110259591181;"0"
"136";"2";-0,416;1;1;-1,85008157280405;"0"
"136";"3";-0,416;1;2;-0,991924824162531;"0"
"136";"4";-0,416;1;1;-1,19892927437807;"0"
"136";"5";-0,416;1;2;-0,462697413023906;"1"
"136";"6";-0,416;1;1;-1,31566887899756;"0"
"136";"7";-0,416;1;2;0,247896625462681;"0"
"136";"8";-0,416;1;1;-0,307645139775588;"0"
"136";"9";-0,416;1;2;-0,0997613464169241;"0"
"136";"10";-0,416;1;1;-1,66475183552521;"0"
"136";"11";-0,416;1;2;-0,353218521308315;"0"
"136";"12";-0,416;1;1;-1,74861711499815;"0"
"136";"13";-0,416;1;2;-0,931272053106763;"1"
"136";"14";-0,416;1;1;-0,632058768927188;"0"
"136";"15";-0,416;1;2;-0,675334167382181;"0"
"136";"16";-0,416;1;1;-0,506708165582267;"1"
"136";"17";-0,416;1;2;-1,38220435915399;"1"
"136";"18";-0,416;1;1;-1,27552097202583;"1"
"136";"19";-0,416;1;2;-0,145179821150078;"0"
"136";"20";-0,416;1;1;-0,336540439847387;"1"
"137";"1";2,484;2;2;1,32453792172105;"1"
"137";"2";2,484;2;1;2,11033719193982;"1"
"137";"3";2,484;2;2;1,55177416770771;"1"
"137";"4";2,484;2;1;1,16532997516512;"1"
"137";"5";2,484;2;2;1,03736176001494;"1"
"137";"6";2,484;2;1;1,51807999745906;"1"
"137";"7";2,484;2;2;1,63890227028464;"1"
"137";"8";2,484;2;1;1,32656395268719;"1"
"137";"9";2,484;2;2;1,19464992390115;"0"
"137";"10";2,484;2;1;1,96046129663711;"1"
"137";"11";2,484;2;2;1,20249826747453;"1"
"137";"12";2,484;2;1;0,947548346643099;"1"
"137";"13";2,484;2;2;1,60970564720418;"1"
"137";"14";2,484;2;1;1,79936738958775;"1"
"137";"15";2,484;2;2;2,05629096584477;"0"
"137";"16";2,484;2;1;1,05531370417099;"1"
"137";"17";2,484;2;2;1,96320079045123;"1"
"137";"18";2,484;2;1;0,596698200623255;"1"
"137";"19";2,484;2;2;1,25720069097685;"1"
"137";"20";2,484;2;1;1,12753308937729;"1"
"138";"1";-0,416;1;2;-0,6301945506601;"0"
"138";"2";-0,416;1;1;-0,852410466748535;"0"
"138";"3";-0,416;1;2;0,0754031667258324;"0"
"138";"4";-0,416;1;1;-0,736137798394815;"1"
"138";"5";-0,416;1;2;-1,27040738768466;"1"
"138";"6";-0,416;1;1;-1,19299055761455;"0"
"138";"7";-0,416;1;2;-1,05808713464239;"0"
"138";"8";-0,416;1;1;-0,789458260268645;"0"
"138";"9";-0,416;1;2;-0,45076689267659;"1"
"138";"10";-0,416;1;1;-1,21862096209672;"1"
"138";"11";-0,416;1;2;-1,0648955735424;"0"
"138";"12";-0,416;1;1;-0,163224487874479;"0"
"138";"13";-0,416;1;2;-1,27985318923584;"0"
"138";"14";-0,416;1;1;-0,147714355906083;"1"
"138";"15";-0,416;1;2;-0,873830424965204;"1"
"138";"16";-0,416;1;1;-1,41379549815332;"0"
"138";"17";-0,416;1;2;-0,131672674158039;"1"
"138";"18";-0,416;1;1;-0,502977235896813;"0"
"138";"19";-0,416;1;2;0,174624259116984;"1"
"138";"20";-0,416;1;1;-0,86962175498978;"0"
"139";"1";-1,116;2;2;-1,12559151131571;"0"
"139";"2";-1,116;2;1;0,0679925598245095;"1"
"139";"3";-1,116;2;2;0,177568811675397;"0"
"139";"4";-1,116;2;1;0,596669823852173;"1"
"139";"5";-1,116;2;2;-0,222830311591375;"1"
"139";"6";-1,116;2;1;0,236089773745151;"1"
"139";"7";-1,116;2;2;-0,368533566328451;"0"
"139";"8";-1,116;2;1;0,478444560180568;"1"
"139";"9";-1,116;2;2;-0,777452165344464;"0"
"139";"10";-1,116;2;1;0,812455447953112;"1"
"139";"11";-1,116;2;2;-1,21417517709905;"0"
"139";"12";-1,116;2;1;-0,340766669967657;"0"
"139";"13";-1,116;2;2;0,515448654701408;"0"
"139";"14";-1,116;2;1;-0,00932908372707865;"1"
"139";"15";-1,116;2;2;0,177573530229124;"1"
"139";"16";-1,116;2;1;0,532009342613708;"0"
"139";"17";-1,116;2;2;0,450422531992187;"0"
"139";"18";-1,116;2;1;-0,806942530909177;"0"
"139";"19";-1,116;2;2;-0,259619864162896;"1"
"139";"20";-1,116;2;1;0,511021755141919;"1"
"140";"1";2,484;1;2;1,59345606637811;"1"
"140";"2";2,484;1;1;0,207222358075544;"0"
"140";"3";2,484;1;2;0,833657440918259;"1"
"140";"4";2,484;1;1;0,647596156667403;"1"
"140";"5";2,484;1;2;1,76848410284151;"1"
"140";"6";2,484;1;1;1,41931734126911;"0"
"140";"7";2,484;1;2;1,57063199278122;"1"
"140";"8";2,484;1;1;0,271615913136637;"1"
"140";"9";2,484;1;2;1,21483130738517;"1"
"140";"10";2,484;1;1;-1,32000533033475;"0"
"140";"11";2,484;1;2;0,565852177380659;"0"
"140";"12";2,484;1;1;-0,796227015967081;"0"
"140";"13";2,484;1;2;-0,519580037998686;"0"
"140";"14";2,484;1;1;0,74078503709872;"1"
"140";"15";2,484;1;2;0,483931289400329;"0"
"140";"16";2,484;1;1;0,597011344779709;"0"
"140";"17";2,484;1;2;0,594848877539616;"1"
"140";"18";2,484;1;1;0,179260893095231;"1"
"140";"19";2,484;1;2;0,394215650427375;"0"
"140";"20";2,484;1;1;1,46463725913058;"1"
"141";"1";1,684;2;2;0,10881739959743;"1"
"141";"2";1,684;2;1;0,117344700404655;"1"
"141";"3";1,684;2;2;-0,48381619986987;"0"
"141";"4";1,684;2;1;-0,724885330043436;"0"
"141";"5";1,684;2;2;-0,658834372723481;"1"
"141";"6";1,684;2;1;0,00847368446894124;"0"
"141";"7";1,684;2;2;-0,343262526733631;"0"
"141";"8";1,684;2;1;-0,70647173314771;"0"
"141";"9";1,684;2;2;0,21879562769269;"0"
"141";"10";1,684;2;1;0,30222032022619;"1"
"141";"11";1,684;2;2;-0,10213132538587;"0"
"141";"12";1,684;2;1;-0,172574949767378;"0"
"141";"13";1,684;2;2;0,481042772755394;"0"
"141";"14";1,684;2;1;-0,165379386105196;"1"
"141";"15";1,684;2;2;0,0961339738164208;"1"
"141";"16";1,684;2;1;0,313890755988073;"1"
"141";"17";1,684;2;2;0,582523870524548;"0"
"141";"18";1,684;2;1;-0,208781516189956;"1"
"141";"19";1,684;2;2;0,293900896533222;"1"
"141";"20";1,684;2;1;-0,150043589954003;"1"
"142";"1";1,784;1;2;-0,042377654889302;"0"
"142";"2";1,784;1;1;-0,430482842608127;"1"
"142";"3";1,784;1;2;0,411496461562118;"1"
"142";"4";1,784;1;1;-0,135888713365827;"1"
"142";"5";1,784;1;2;0,155704102752704;"1"
"142";"6";1,784;1;1;0,0543948119392716;"1"
"142";"7";1,784;1;2;0,641279065560924;"0"
"142";"8";1,784;1;1;-0,70897516981327;"0"
"142";"9";1,784;1;2;-0,534284239547163;"0"
"142";"10";1,784;1;1;-0,28487651920307;"0"
"142";"11";1,784;1;2;0,145948400033232;"1"
"142";"12";1,784;1;1;0,14340755301301;"1"
"142";"13";1,784;1;2;-0,2199089327785;"0"
"142";"14";1,784;1;1;-0,419009964272832;"0"
"142";"15";1,784;1;2;-0,139398684780055;"0"
"142";"16";1,784;1;1;-0,258754555986231;"1"
"142";"17";1,784;1;2;-0,307185818759978;"0"
"142";"18";1,784;1;1;-1,11558735028533;"0"
"142";"19";1,784;1;2;0,690524334408718;"0"
"142";"20";1,784;1;1;0,0532822360690864;"0"
"143";"1";3,684;2;2;2,18091595130848;"1"
"143";"2";3,684;2;1;2,61054546785098;"1"
"143";"3";3,684;2;2;3,03191491541153;"1"
"143";"4";3,684;2;1;2,33874833155137;"1"
"143";"5";3,684;2;2;1,97257754436508;"1"
"143";"6";3,684;2;1;2,79154001227669;"1"
"143";"7";3,684;2;2;3,4104136978488;"1"
"143";"8";3,684;2;1;1,6222947518805;"1"
"143";"9";3,684;2;2;3,12431742552098;"1"
"143";"10";3,684;2;1;2,9673039128354;"1"
"143";"11";3,684;2;2;2,2009024574698;"1"
"143";"12";3,684;2;1;2,64280291980554;"1"
"143";"13";3,684;2;2;2,33842123856505;"1"
"143";"14";3,684;2;1;2,85989934417936;"1"
"143";"15";3,684;2;2;3,34783955443468;"1"
"143";"16";3,684;2;1;1,58999101167048;"1"
"143";"17";3,684;2;2;2,53524091662912;"1"
"143";"18";3,684;2;1;2,57128101215707;"1"
"143";"19";3,684;2;2;2,55636300928155;"1"
"143";"20";3,684;2;1;3,3990133355008;"1"
"144";"1";-6,016;1;2;5,32574915411459;"1"
"144";"2";-6,016;1;1;4,0382670416949;"1"
"144";"3";-6,016;1;2;4,85879944344327;"1"
"144";"4";-6,016;1;1;5,53124285467819;"1"
"144";"5";-6,016;1;2;5,01248289887083;"1"
"144";"6";-6,016;1;1;3,88444496280738;"1"
"144";"7";-6,016;1;2;4,96039122761815;"1"
"144";"8";-6,016;1;1;4,27627596356076;"1"
"144";"9";-6,016;1;2;5,22495530400339;"1"
"144";"10";-6,016;1;1;4,46762191240214;"1"
"144";"11";-6,016;1;2;4,41165446249998;"1"
"144";"12";-6,016;1;1;4,73963801025741;"1"
"144";"13";-6,016;1;2;3,40911443120941;"1"
"144";"14";-6,016;1;1;5,41000405569999;"1"
"144";"15";-6,016;1;2;4,72308757689692;"1"
"144";"16";-6,016;1;1;4,49840445174354;"1"
"144";"17";-6,016;1;2;5,32902858544467;"1"
"144";"18";-6,016;1;1;4,36727708669645;"1"
"144";"19";-6,016;1;2;4,65702653931957;"1"
"144";"20";-6,016;1;1;4,8269774164416;"1"
"145";"1";-1,116;2;2;1,05207516370203;"1"
"145";"2";-1,116;2;1;-0,733182960410696;"0"
"145";"3";-1,116;2;2;0,21746257091149;"0"
"145";"4";-1,116;2;1;-0,257520857677225;"0"
"145";"5";-1,116;2;2;-0,185834188978303;"0"
"145";"6";-1,116;2;1;-0,345357213976327;"0"
"145";"7";-1,116;2;2;-0,0783329962011405;"0"
"145";"8";-1,116;2;1;0,0352059600415427;"1"
"145";"9";-1,116;2;2;-0,0317455748615262;"0"
"145";"10";-1,116;2;1;-0,308361390760284;"0"
"145";"11";-1,116;2;2;0,156275616968034;"1"
"145";"12";-1,116;2;1;0,486380116702236;"1"
"145";"13";-1,116;2;2;0,0918393775992881;"0"
"145";"14";-1,116;2;1;0,652239478609176;"0"
"145";"15";-1,116;2;2;0,181633810301227;"0"
"145";"16";-1,116;2;1;-1,16729787457116;"0"
"145";"17";-1,116;2;2;-0,460744480144586;"0"
"145";"18";-1,116;2;1;-0,648015787508537;"0"
"145";"19";-1,116;2;2;-0,542518064113089;"0"
"145";"20";-1,116;2;1;0,161824818696645;"1"
"146";"1";-1,316;1;2;-0,191958130686695;"0"
"146";"2";-1,316;1;1;0,222494092770445;"0"
"146";"3";-1,316;1;2;-0,0233972029610233;"1"
"146";"4";-1,316;1;1;-0,285794365686306;"1"
"146";"5";-1,316;1;2;-0,638818004278302;"0"
"146";"6";-1,316;1;1;-1,82303976308614;"0"
"146";"7";-1,316;1;2;-0,696180708074824;"0"
"146";"8";-1,316;1;1;-1,41095450526497;"0"
"146";"9";-1,316;1;2;-1,2156868966777;"1"
"146";"10";-1,316;1;1;-1,27108053799432;"0"
"146";"11";-1,316;1;2;0,321797124544788;"0"
"146";"12";-1,316;1;1;0,0223334038075318;"1"
"146";"13";-1,316;1;2;-0,21617156741132;"1"
"146";"14";-1,316;1;1;-0,763207292655163;"0"
"146";"15";-1,316;1;2;-0,217459210979665;"0"
"146";"16";-1,316;1;1;-1,39802853189904;"1"
"146";"17";-1,316;1;2;-0,920769299093707;"1"
"146";"18";-1,316;1;1;-0,285201127385494;"0"
"146";"19";-1,316;1;2;-0,210937579887342;"0"
"146";"20";-1,316;1;1;-0,566624534336381;"1"
"147";"1";0,984;2;2;0,439279110249473;"1"
"147";"2";0,984;2;1;-0,638178694983876;"0"
"147";"3";0,984;2;2;-0,262129786721491;"0"
"147";"4";0,984;2;1;-0,592565918088996;"0"
"147";"5";0,984;2;2;-0,840911441734998;"1"
"147";"6";0,984;2;1;-0,460991600040236;"0"
"147";"7";0,984;2;2;0,832036533998105;"1"
"147";"8";0,984;2;1;-0,00928097670869569;"0"
"147";"9";0,984;2;2;0,088689775883245;"1"
"147";"10";0,984;2;1;0,243318409235143;"1"
"147";"11";0,984;2;2;-0,394556684657475;"1"
"147";"12";0,984;2;1;-0,495353708012057;"0"
"147";"13";0,984;2;2;-0,260445400413831;"1"
"147";"14";0,984;2;1;-0,30736377662753;"0"
"147";"15";0,984;2;2;-0,259298241714821;"0"
"147";"16";0,984;2;1;0,259015898886581;"1"
"147";"17";0,984;2;2;0,484172838589766;"1"
"147";"18";0,984;2;1;-0,137568360269692;"0"
"147";"19";0,984;2;2;-0,882994451898245;"0"
"147";"20";0,984;2;1;0,151592380399848;"0"
"148";"1";1,484;1;2;-0,365867855547388;"0"
"148";"2";1,484;1;1;-0,319522575406077;"0"
"148";"3";1,484;1;2;1,59690490515242;"1"
"148";"4";1,484;1;1;1,03570919198689;"1"
"148";"5";1,484;1;2;1,33839153409302;"1"
"148";"6";1,484;1;1;2,01470653343528;"1"
"148";"7";1,484;1;2;0,757339124479954;"0"
"148";"8";1,484;1;1;-0,710092393895206;"0"
"148";"9";1,484;1;2;0,946597704542865;"1"
"148";"10";1,484;1;1;0,746868529816976;"1"
"148";"11";1,484;1;2;0,652094464013144;"1"
"148";"12";1,484;1;1;-0,161844508681422;"1"
"148";"13";1,484;1;2;0,108836277692071;"0"
"148";"14";1,484;1;1;0,652710792162482;"0"
"148";"15";1,484;1;2;-0,156689406036312;"0"
"148";"16";1,484;1;1;0,942555817443976;"0"
"148";"17";1,484;1;2;0,888491027245775;"1"
"148";"18";1,484;1;1;0,319753353587835;"0"
"148";"19";1,484;1;2;0,0407824940115039;"0"
"148";"20";1,484;1;1;0,816790987639325;"1"
"149";"1";1,084;2;2;-1,23983693660275;"0"
"149";"2";1,084;2;1;0,213954398304079;"0"
"149";"3";1,084;2;2;0,209052397833078;"0"
"149";"4";1,084;2;1;-0,0383443378953677;"1"
"149";"5";1,084;2;2;-0,0504924289553241;"1"
"149";"6";1,084;2;1;0,603175571536438;"1"
"149";"7";1,084;2;2;-0,679730719485313;"0"
"149";"8";1,084;2;1;-0,610056176871449;"1"
"149";"9";1,084;2;2;0,309196287477301;"1"
"149";"10";1,084;2;1;0,0151981726596597;"0"
"149";"11";1,084;2;2;0,593213238689536;"1"
"149";"12";1,084;2;1;0,0904048354558229;"1"
"149";"13";1,084;2;2;0,435554270143298;"1"
"149";"14";1,084;2;1;-0,121036033487685;"0"
"149";"15";1,084;2;2;-0,0552016473449057;"1"
"149";"16";1,084;2;1;0,610066841978101;"1"
"149";"17";1,084;2;2;-0,746302933988307;"0"
"149";"18";1,084;2;1;-0,704048054209037;"0"
"149";"19";1,084;2;2;-1,05062683694921;"0"
"149";"20";1,084;2;1;-0,550760802553586;"1"
"150";"1";-3,016;1;2;0,664245299742232;"0"
"150";"2";-3,016;1;1;0,708096753641836;"0"
"150";"3";-3,016;1;2;1,08959952523125;"1"
"150";"4";-3,016;1;1;1,31719361557068;"0"
"150";"5";-3,016;1;2;2,33192179934964;"1"
"150";"6";-3,016;1;1;0,880319298770642;"0"
"150";"7";-3,016;1;2;0,378925047935153;"1"
"150";"8";-3,016;1;1;-0,0724697816554558;"1"
"150";"9";-3,016;1;2;0,439282937534214;"0"
"150";"10";-3,016;1;1;1,06158650706081;"0"
"150";"11";-3,016;1;2;0,986191872172641;"0"
"150";"12";-3,016;1;1;1,23231640222519;"1"
"150";"13";-3,016;1;2;0,625675876382362;"1"
"150";"14";-3,016;1;1;-0,040727139253102;"0"
"150";"15";-3,016;1;2;0,163490821915536;"1"
"150";"16";-3,016;1;1;1,14164568712686;"1"
"150";"17";-3,016;1;2;0,201877018169156;"0"
"150";"18";-3,016;1;1;1,78023975328742;"1"
"150";"19";-3,016;1;2;0,0393480220615779;"1"
"150";"20";-3,016;1;1;-0,706330561397949;"0"
